jid,phase,experiment_id,formulation,temperature_c,target_log_sigma,ionic_conductivity_s_cm,component_count,node_count,edge_count,salt_nodes,solvent_nodes
liquid_0000,liquid,PYA_25082021_BM169_1,PC:1.509g | EC:1.506g | EMC:7.2024g | LiPF6:0.3006g,-20.0,-6.469287463571516,0.0014852099821455,4,4,12,1,3
liquid_0001,liquid,PYA_25082021_BM169_1,PC:1.509g | EC:1.506g | EMC:7.2024g | LiPF6:0.3006g,-10.0,-6.272468671353089,0.0019055135828885,4,4,12,1,3
liquid_0002,liquid,PYA_25082021_BM169_1,PC:1.509g | EC:1.506g | EMC:7.2024g | LiPF6:0.3006g,0.0,-6.090060920117156,0.0022868628340092,4,4,12,1,3
liquid_0003,liquid,PYA_25082021_BM169_1,PC:1.509g | EC:1.506g | EMC:7.2024g | LiPF6:0.3006g,10.0,-5.92053734696605,0.0027378592992043,4,4,12,1,3
liquid_0004,liquid,PYA_25082021_BM169_1,PC:1.509g | EC:1.506g | EMC:7.2024g | LiPF6:0.3006g,20.0,-5.7625794277908,0.0033366223884645,4,4,12,1,3
liquid_0005,liquid,PYA_25082021_BM169_1,PC:1.509g | EC:1.506g | EMC:7.2024g | LiPF6:0.3006g,30.0,-5.615042614944117,0.0036077275283242,4,4,12,1,3
liquid_0006,liquid,PYA_25082021_BM169_1,PC:1.509g | EC:1.506g | EMC:7.2024g | LiPF6:0.3006g,40.0,-5.476928558785709,0.0040803898079443,4,4,12,1,3
liquid_0007,liquid,PYA_25082021_BM169_1,PC:1.509g | EC:1.506g | EMC:7.2024g | LiPF6:0.3006g,50.0,-5.347362486916853,0.0047306865604854,4,4,12,1,3
liquid_0008,liquid,PYA_25082021_BM169_1,PC:1.509g | EC:1.506g | EMC:7.2024g | LiPF6:0.3006g,60.0,-5.225574657393418,0.0052962041860472,4,4,12,1,3
liquid_0009,liquid,PYA_25082021_BM169_2,PC:1.509g | EC:1.506g | EMC:7.2024g | LiPF6:0.3006g,-20.0,-6.675633941015805,0.0012132595557564,4,4,12,1,3
liquid_0010,liquid,PYA_25082021_BM169_2,PC:1.509g | EC:1.506g | EMC:7.2024g | LiPF6:0.3006g,-10.0,-6.455265068187161,0.0015060518279517,4,4,12,1,3
liquid_0011,liquid,PYA_25082021_BM169_2,PC:1.509g | EC:1.506g | EMC:7.2024g | LiPF6:0.3006g,0.0,-6.251031569535975,0.0018371346640892,4,4,12,1,3
liquid_0012,liquid,PYA_25082021_BM169_2,PC:1.509g | EC:1.506g | EMC:7.2024g | LiPF6:0.3006g,10.0,-6.061223887494444,0.0023300859951325,4,4,12,1,3
liquid_0013,liquid,PYA_25082021_BM169_2,PC:1.509g | EC:1.506g | EMC:7.2024g | LiPF6:0.3006g,20.0,-5.884365731773332,0.0029251931316392,4,4,12,1,3
liquid_0014,liquid,PYA_25082021_BM169_2,PC:1.509g | EC:1.506g | EMC:7.2024g | LiPF6:0.3006g,30.0,-5.719175605458197,0.0040474894889641,4,4,12,1,3
liquid_0015,liquid,PYA_25082021_BM169_2,PC:1.509g | EC:1.506g | EMC:7.2024g | LiPF6:0.3006g,40.0,-5.564535702762104,0.0046408739165803,4,4,12,1,3
liquid_0016,liquid,PYA_25082021_BM169_2,PC:1.509g | EC:1.506g | EMC:7.2024g | LiPF6:0.3006g,50.0,-5.419466581603754,0.0037293692491891,4,4,12,1,3
liquid_0017,liquid,PYA_25082021_BM169_2,PC:1.509g | EC:1.506g | EMC:7.2024g | LiPF6:0.3006g,60.0,-5.283106397630357,0.0043775074461296,4,4,12,1,3
liquid_0018,liquid,PYA_25082021_BM169_4,PC:1.509g | EC:1.506g | EMC:7.2024g | LiPF6:0.3006g,-20.0,-6.528524497422328,0.0014605667574963,4,4,12,1,3
liquid_0019,liquid,PYA_25082021_BM169_4,PC:1.509g | EC:1.506g | EMC:7.2024g | LiPF6:0.3006g,-10.0,-6.303755362378011,0.0018653142221669,4,4,12,1,3
liquid_0020,liquid,PYA_25082021_BM169_4,PC:1.509g | EC:1.506g | EMC:7.2024g | LiPF6:0.3006g,0.0,-6.095443788017883,0.0022761884116942,4,4,12,1,3
liquid_0021,liquid,PYA_25082021_BM169_4,PC:1.509g | EC:1.506g | EMC:7.2024g | LiPF6:0.3006g,10.0,-5.901846080820754,0.002728187027006,4,4,12,1,3
liquid_0022,liquid,PYA_25082021_BM169_4,PC:1.509g | EC:1.506g | EMC:7.2024g | LiPF6:0.3006g,20.0,-5.721456472357864,0.0033412672423297,4,4,12,1,3
liquid_0023,liquid,PYA_25082021_BM169_4,PC:1.509g | EC:1.506g | EMC:7.2024g | LiPF6:0.3006g,30.0,-5.552967877153288,0.003764620915026,4,4,12,1,3
liquid_0024,liquid,PYA_25082021_BM169_4,PC:1.509g | EC:1.506g | EMC:7.2024g | LiPF6:0.3006g,40.0,-5.3952401693959136,0.004264378262326,4,4,12,1,3
liquid_0025,liquid,PYA_25082021_BM169_4,PC:1.509g | EC:1.506g | EMC:7.2024g | LiPF6:0.3006g,50.0,-5.247274349786916,0.0048135001610853,4,4,12,1,3
liquid_0026,liquid,PYA_25082021_BM169_4,PC:1.509g | EC:1.506g | EMC:7.2024g | LiPF6:0.3006g,60.0,-5.108191364913562,0.0069101107765376,4,4,12,1,3
liquid_0027,liquid,PYA_25082021_BM169_6,PC:1.509g | EC:1.506g | EMC:7.2024g | LiPF6:0.3006g,-20.0,-6.469998154766992,0.0014733478861792,4,4,12,1,3
liquid_0028,liquid,PYA_25082021_BM169_6,PC:1.509g | EC:1.506g | EMC:7.2024g | LiPF6:0.3006g,-10.0,-6.276046686060428,0.0018653315531688,4,4,12,1,3
liquid_0029,liquid,PYA_25082021_BM169_6,PC:1.509g | EC:1.506g | EMC:7.2024g | LiPF6:0.3006g,0.0,-6.0962963133602015,0.0022834478522175,4,4,12,1,3
liquid_0030,liquid,PYA_25082021_BM169_6,PC:1.509g | EC:1.506g | EMC:7.2024g | LiPF6:0.3006g,10.0,-5.929242417629796,0.0027818268214982,4,4,12,1,3
liquid_0031,liquid,PYA_25082021_BM169_6,PC:1.509g | EC:1.506g | EMC:7.2024g | LiPF6:0.3006g,20.0,-5.7735856834706265,0.0031892714485244,4,4,12,1,3
liquid_0032,liquid,PYA_25082021_BM169_6,PC:1.509g | EC:1.506g | EMC:7.2024g | LiPF6:0.3006g,30.0,-5.62819823739717,0.0037867985476546,4,4,12,1,3
liquid_0033,liquid,PYA_25082021_BM169_6,PC:1.509g | EC:1.506g | EMC:7.2024g | LiPF6:0.3006g,40.0,-5.492096274068304,0.0040636725658801,4,4,12,1,3
liquid_0034,liquid,PYA_25082021_BM169_6,PC:1.509g | EC:1.506g | EMC:7.2024g | LiPF6:0.3006g,50.0,-5.3644177650689375,0.0045752646780965,4,4,12,1,3
liquid_0035,liquid,PYA_25082021_BM169_6,PC:1.509g | EC:1.506g | EMC:7.2024g | LiPF6:0.3006g,60.0,-5.244404182318969,0.0050615673853922,4,4,12,1,3
liquid_0036,liquid,PYA_30032021_BM048_1,PC:3.0105g | EMC:7.2121g | LiPF6:0.9547g,-30.0,-6.28381680217727,0.00174738653787,3,3,6,1,2
liquid_0037,liquid,PYA_30032021_BM048_1,PC:3.0105g | EMC:7.2121g | LiPF6:0.9547g,-20.0,-6.018630756940258,0.002458383858293,3,3,6,1,2
liquid_0038,liquid,PYA_30032021_BM048_1,PC:3.0105g | EMC:7.2121g | LiPF6:0.9547g,-10.0,-5.773599455783581,0.0031773642843836,3,3,6,1,2
liquid_0039,liquid,PYA_30032021_BM048_1,PC:3.0105g | EMC:7.2121g | LiPF6:0.9547g,0.0,-5.546509307924116,0.0039443043359942,3,3,6,1,2
liquid_0040,liquid,PYA_30032021_BM048_1,PC:3.0105g | EMC:7.2121g | LiPF6:0.9547g,10.0,-5.335459431854124,0.0050033550718062,3,3,6,1,2
liquid_0041,liquid,PYA_30032021_BM048_1,PC:3.0105g | EMC:7.2121g | LiPF6:0.9547g,20.0,-5.138808319288822,0.0060810081624649,3,3,6,1,2
liquid_0042,liquid,PYA_30032021_BM048_1,PC:3.0105g | EMC:7.2121g | LiPF6:0.9547g,30.0,-4.95513105548257,0.0071534131791708,3,3,6,1,2
liquid_0043,liquid,PYA_30032021_BM048_1,PC:3.0105g | EMC:7.2121g | LiPF6:0.9547g,40.0,-4.783184736195318,0.008261436496666,3,3,6,1,2
liquid_0044,liquid,PYA_30032021_BM048_1,PC:3.0105g | EMC:7.2121g | LiPF6:0.9547g,50.0,-4.621880305770036,0.0100146966264525,3,3,6,1,2
liquid_0045,liquid,PYA_30032021_BM048_1,PC:3.0105g | EMC:7.2121g | LiPF6:0.9547g,60.0,-4.470259467145761,0.0106525802623583,3,3,6,1,2
liquid_0046,liquid,PYA_30032021_BM048_2,PC:3.0105g | EMC:7.2121g | LiPF6:0.9547g,-30.0,-6.239614845554763,0.0018346685815591,3,3,6,1,2
liquid_0047,liquid,PYA_30032021_BM048_2,PC:3.0105g | EMC:7.2121g | LiPF6:0.9547g,-20.0,-5.977395159855315,0.0025266577354261,3,3,6,1,2
liquid_0048,liquid,PYA_30032021_BM048_2,PC:3.0105g | EMC:7.2121g | LiPF6:0.9547g,-10.0,-5.735104768147846,0.0033437423738395,3,3,6,1,2
liquid_0049,liquid,PYA_30032021_BM048_2,PC:3.0105g | EMC:7.2121g | LiPF6:0.9547g,0.0,-5.510554840779199,0.0041907780559974,3,3,6,1,2
liquid_0050,liquid,PYA_30032021_BM048_2,PC:3.0105g | EMC:7.2121g | LiPF6:0.9547g,10.0,-5.301865759419286,0.0052790460170282,3,3,6,1,2
liquid_0051,liquid,PYA_30032021_BM048_2,PC:3.0105g | EMC:7.2121g | LiPF6:0.9547g,20.0,-5.107414377623413,0.0059848845326685,3,3,6,1,2
liquid_0052,liquid,PYA_30032021_BM048_2,PC:3.0105g | EMC:7.2121g | LiPF6:0.9547g,30.0,-4.925791719680146,0.0068221806962431,3,3,6,1,2
liquid_0053,liquid,PYA_30032021_BM048_2,PC:3.0105g | EMC:7.2121g | LiPF6:0.9547g,40.0,-4.755768784422061,0.0089815599786084,3,3,6,1,2
liquid_0054,liquid,PYA_30032021_BM048_2,PC:3.0105g | EMC:7.2121g | LiPF6:0.9547g,50.0,-4.596268698321217,0.0105665346960588,3,3,6,1,2
liquid_0055,liquid,PYA_30032021_BM048_2,PC:3.0105g | EMC:7.2121g | LiPF6:0.9547g,60.0,-4.446343883785784,0.0108229031676973,3,3,6,1,2
liquid_0056,liquid,PYA_30032021_BM048_3,PC:3.0105g | EMC:7.2121g | LiPF6:0.9547g,-30.0,-5.9843761964075055,0.0021762253119546,3,3,6,1,2
liquid_0057,liquid,PYA_30032021_BM048_3,PC:3.0105g | EMC:7.2121g | LiPF6:0.9547g,-20.0,-5.703227183565403,0.0033420025411872,3,3,6,1,2
liquid_0058,liquid,PYA_30032021_BM048_3,PC:3.0105g | EMC:7.2121g | LiPF6:0.9547g,-10.0,-5.44344613673828,0.0041882797866193,3,3,6,1,2
liquid_0059,liquid,PYA_30032021_BM048_3,PC:3.0105g | EMC:7.2121g | LiPF6:0.9547g,0.0,-5.202686217264414,0.0064445554400936,3,3,6,1,2
liquid_0060,liquid,PYA_30032021_BM048_3,PC:3.0105g | EMC:7.2121g | LiPF6:0.9547g,10.0,-4.97893211940269,0.0077945980394411,3,3,6,1,2
liquid_0061,liquid,PYA_30032021_BM048_3,PC:3.0105g | EMC:7.2121g | LiPF6:0.9547g,20.0,-4.770443523697657,0.0082026632355431,3,3,6,1,2
liquid_0062,liquid,PYA_30032021_BM048_3,PC:3.0105g | EMC:7.2121g | LiPF6:0.9547g,30.0,-4.575709742157562,0.0113831357752284,3,3,6,1,2
liquid_0063,liquid,PYA_30032021_BM048_3,PC:3.0105g | EMC:7.2121g | LiPF6:0.9547g,40.0,-4.393413053482872,0.0127805597192958,3,3,6,1,2
liquid_0064,liquid,PYA_30032021_BM048_3,PC:3.0105g | EMC:7.2121g | LiPF6:0.9547g,50.0,-4.22239884592684,0.0135343296254978,3,3,6,1,2
liquid_0065,liquid,PYA_30032021_BM048_3,PC:3.0105g | EMC:7.2121g | LiPF6:0.9547g,60.0,-4.061651137398633,0.0151561049963329,3,3,6,1,2
liquid_0066,liquid,PYA_30032021_BM048_4,PC:3.0105g | EMC:7.2121g | LiPF6:0.9547g,-30.0,-6.250644702553562,0.0018107208805021,3,3,6,1,2
liquid_0067,liquid,PYA_30032021_BM048_4,PC:3.0105g | EMC:7.2121g | LiPF6:0.9547g,-20.0,-5.995671437511178,0.0026012615529635,3,3,6,1,2
liquid_0068,liquid,PYA_30032021_BM048_4,PC:3.0105g | EMC:7.2121g | LiPF6:0.9547g,-10.0,-5.7600767219685,0.0029013475440638,3,3,6,1,2
liquid_0069,liquid,PYA_30032021_BM048_4,PC:3.0105g | EMC:7.2121g | LiPF6:0.9547g,0.0,-5.541732214409908,0.0041441790365485,3,3,6,1,2
liquid_0070,liquid,PYA_30032021_BM048_4,PC:3.0105g | EMC:7.2121g | LiPF6:0.9547g,10.0,-5.338810239611946,0.0050346800288102,3,3,6,1,2
liquid_0071,liquid,PYA_30032021_BM048_4,PC:3.0105g | EMC:7.2121g | LiPF6:0.9547g,20.0,-5.149732506655904,0.0061273763078495,3,3,6,1,2
liquid_0072,liquid,PYA_30032021_BM048_4,PC:3.0105g | EMC:7.2121g | LiPF6:0.9547g,30.0,-4.973128976764751,0.0071037070976783,3,3,6,1,2
liquid_0073,liquid,PYA_30032021_BM048_4,PC:3.0105g | EMC:7.2121g | LiPF6:0.9547g,40.0,-4.807804612122912,0.0082946915747437,3,3,6,1,2
liquid_0074,liquid,PYA_30032021_BM048_4,PC:3.0105g | EMC:7.2121g | LiPF6:0.9547g,50.0,-4.652712298518788,0.0095008513427403,3,3,6,1,2
liquid_0075,liquid,PYA_30032021_BM048_4,PC:3.0105g | EMC:7.2121g | LiPF6:0.9547g,60.0,-4.506930644593733,0.0100440085848546,3,3,6,1,2
liquid_0076,liquid,PYA_30032021_BM057_1,PC:2.7017g | EC:0.345g | EMC:7.209g | LiPF6:2.403g,-30.0,-6.894456097894467,0.0008480054190899,4,4,12,1,3
liquid_0077,liquid,PYA_30032021_BM057_1,PC:2.7017g | EC:0.345g | EMC:7.209g | LiPF6:2.403g,-20.0,-6.508007140735926,0.0014601983106433,4,4,12,1,3
liquid_0078,liquid,PYA_30032021_BM057_1,PC:2.7017g | EC:0.345g | EMC:7.209g | LiPF6:2.403g,-10.0,-6.150929185451491,0.0023124266149597,4,4,12,1,3
liquid_0079,liquid,PYA_30032021_BM057_1,PC:2.7017g | EC:0.345g | EMC:7.209g | LiPF6:2.403g,0.0,-5.819996421840821,0.0031677772767151,4,4,12,1,3
liquid_0080,liquid,PYA_30032021_BM057_1,PC:2.7017g | EC:0.345g | EMC:7.209g | LiPF6:2.403g,10.0,-5.512438743069329,0.0043823470120029,4,4,12,1,3
liquid_0081,liquid,PYA_30032021_BM057_1,PC:2.7017g | EC:0.345g | EMC:7.209g | LiPF6:2.403g,20.0,-5.225864020379807,0.0062264053032844,4,4,12,1,3
liquid_0082,liquid,PYA_30032021_BM057_1,PC:2.7017g | EC:0.345g | EMC:7.209g | LiPF6:2.403g,30.0,-4.958195761334656,0.0074624462925171,4,4,12,1,3
liquid_0083,liquid,PYA_30032021_BM057_1,PC:2.7017g | EC:0.345g | EMC:7.209g | LiPF6:2.403g,40.0,-4.707622712830467,0.0088617218395527,4,4,12,1,3
liquid_0084,liquid,PYA_30032021_BM057_1,PC:2.7017g | EC:0.345g | EMC:7.209g | LiPF6:2.403g,50.0,-4.472557821436241,0.0104511973978722,4,4,12,1,3
liquid_0085,liquid,PYA_30032021_BM057_1,PC:2.7017g | EC:0.345g | EMC:7.209g | LiPF6:2.403g,60.0,-4.251604584935859,0.0125049448689818,4,4,12,1,3
liquid_0086,liquid,PYA_30032021_BM057_2,PC:2.7017g | EC:0.345g | EMC:7.209g | LiPF6:2.403g,-30.0,-6.659383908380724,0.0009080399566246,4,4,12,1,3
liquid_0087,liquid,PYA_30032021_BM057_2,PC:2.7017g | EC:0.345g | EMC:7.209g | LiPF6:2.403g,-20.0,-6.243841179942756,0.0016941210723178,4,4,12,1,3
liquid_0088,liquid,PYA_30032021_BM057_2,PC:2.7017g | EC:0.345g | EMC:7.209g | LiPF6:2.403g,-10.0,-5.859880646331918,0.0029386225589883,4,4,12,1,3
liquid_0089,liquid,PYA_30032021_BM057_2,PC:2.7017g | EC:0.345g | EMC:7.209g | LiPF6:2.403g,0.0,-5.504033642547976,0.0044801876670683,4,4,12,1,3
liquid_0090,liquid,PYA_30032021_BM057_2,PC:2.7017g | EC:0.345g | EMC:7.209g | LiPF6:2.403g,10.0,-5.173321514538991,0.0080390106035464,4,4,12,1,3
liquid_0091,liquid,PYA_30032021_BM057_2,PC:2.7017g | EC:0.345g | EMC:7.209g | LiPF6:2.403g,20.0,-4.865172042372338,0.0117795644924682,4,4,12,1,3
liquid_0092,liquid,PYA_30032021_BM057_2,PC:2.7017g | EC:0.345g | EMC:7.209g | LiPF6:2.403g,30.0,-4.577352405083907,0.0141548036877244,4,4,12,1,3
liquid_0093,liquid,PYA_30032021_BM057_2,PC:2.7017g | EC:0.345g | EMC:7.209g | LiPF6:2.403g,40.0,-4.307914989560663,0.0135973474195107,4,4,12,1,3
liquid_0094,liquid,PYA_30032021_BM057_2,PC:2.7017g | EC:0.345g | EMC:7.209g | LiPF6:2.403g,50.0,-4.055153261211999,0.0125066076963811,4,4,12,1,3
liquid_0095,liquid,PYA_30032021_BM057_2,PC:2.7017g | EC:0.345g | EMC:7.209g | LiPF6:2.403g,60.0,-3.817565582291439,0.0144222540563853,4,4,12,1,3
liquid_0096,liquid,PYA_30032021_BM057_3,PC:2.7017g | EC:0.345g | EMC:7.209g | LiPF6:2.403g,-30.0,-6.86607634069121,0.000929641259622,4,4,12,1,3
liquid_0097,liquid,PYA_30032021_BM057_3,PC:2.7017g | EC:0.345g | EMC:7.209g | LiPF6:2.403g,-20.0,-6.482826463280505,0.0015463687464352,4,4,12,1,3
liquid_0098,liquid,PYA_30032021_BM057_3,PC:2.7017g | EC:0.345g | EMC:7.209g | LiPF6:2.403g,-10.0,-6.12870445038895,0.0023573794913927,4,4,12,1,3
liquid_0099,liquid,PYA_30032021_BM057_3,PC:2.7017g | EC:0.345g | EMC:7.209g | LiPF6:2.403g,0.0,-5.800511195534483,0.003229481841753,4,4,12,1,3
liquid_0100,liquid,PYA_30032021_BM057_3,PC:2.7017g | EC:0.345g | EMC:7.209g | LiPF6:2.403g,10.0,-5.495499523223156,0.0043555157624237,4,4,12,1,3
liquid_0101,liquid,PYA_30032021_BM057_3,PC:2.7017g | EC:0.345g | EMC:7.209g | LiPF6:2.403g,20.0,-5.211297107081796,0.0054728910876553,4,4,12,1,3
liquid_0102,liquid,PYA_30032021_BM057_3,PC:2.7017g | EC:0.345g | EMC:7.209g | LiPF6:2.403g,30.0,-4.94584464417424,0.0067059760928836,4,4,12,1,3
liquid_0103,liquid,PYA_30032021_BM057_3,PC:2.7017g | EC:0.345g | EMC:7.209g | LiPF6:2.403g,40.0,-4.697345875209366,0.0093191135029456,4,4,12,1,3
liquid_0104,liquid,PYA_30032021_BM057_3,PC:2.7017g | EC:0.345g | EMC:7.209g | LiPF6:2.403g,50.0,-4.464226884611497,0.0105594469022151,4,4,12,1,3
liquid_0105,liquid,PYA_30032021_BM057_3,PC:2.7017g | EC:0.345g | EMC:7.209g | LiPF6:2.403g,60.0,-4.245102730609627,0.014642888493187,4,4,12,1,3
liquid_0106,liquid,PYA_30032021_BM066_1,PC:3.1775g | EC:2.1231g | EMC:5.3032g | LiPF6:1.6989g,-30.0,-6.752406687717451,0.0010627602544561,4,4,12,1,3
liquid_0107,liquid,PYA_30032021_BM066_1,PC:3.1775g | EC:2.1231g | EMC:5.3032g | LiPF6:1.6989g,-20.0,-6.362065251600554,0.0017037588944756,4,4,12,1,3
liquid_0108,liquid,PYA_30032021_BM066_1,PC:3.1775g | EC:2.1231g | EMC:5.3032g | LiPF6:1.6989g,-10.0,-6.001390654633714,0.0024969104216789,4,4,12,1,3
liquid_0109,liquid,PYA_30032021_BM066_1,PC:3.1775g | EC:2.1231g | EMC:5.3032g | LiPF6:1.6989g,0.0,-5.667124594878431,0.0032720422254824,4,4,12,1,3
liquid_0110,liquid,PYA_30032021_BM066_1,PC:3.1775g | EC:2.1231g | EMC:5.3032g | LiPF6:1.6989g,10.0,-5.356469063800902,0.0049706895040847,4,4,12,1,3
liquid_0111,liquid,PYA_30032021_BM066_1,PC:3.1775g | EC:2.1231g | EMC:5.3032g | LiPF6:1.6989g,20.0,-5.067007838101337,0.0065875381244391,4,4,12,1,3
liquid_0112,liquid,PYA_30032021_BM066_1,PC:3.1775g | EC:2.1231g | EMC:5.3032g | LiPF6:1.6989g,30.0,-4.796643510023385,0.0112844385901247,4,4,12,1,3
liquid_0113,liquid,PYA_30032021_BM066_1,PC:3.1775g | EC:2.1231g | EMC:5.3032g | LiPF6:1.6989g,40.0,-4.543546582748749,0.0117964175967071,4,4,12,1,3
liquid_0114,liquid,PYA_30032021_BM066_1,PC:3.1775g | EC:2.1231g | EMC:5.3032g | LiPF6:1.6989g,50.0,-4.306114017366402,0.0118636462285355,4,4,12,1,3
liquid_0115,liquid,PYA_30032021_BM066_1,PC:3.1775g | EC:2.1231g | EMC:5.3032g | LiPF6:1.6989g,60.0,-4.082935245493425,0.0133863672364945,4,4,12,1,3
liquid_0116,liquid,PYA_30032021_BM066_3,PC:3.1775g | EC:2.1231g | EMC:5.3032g | LiPF6:1.6989g,-30.0,-6.199919986464513,0.0013906878869445,4,4,12,1,3
liquid_0117,liquid,PYA_30032021_BM066_3,PC:3.1775g | EC:2.1231g | EMC:5.3032g | LiPF6:1.6989g,-20.0,-5.860897866614161,0.0024189431495975,4,4,12,1,3
liquid_0118,liquid,PYA_30032021_BM066_3,PC:3.1775g | EC:2.1231g | EMC:5.3032g | LiPF6:1.6989g,-10.0,-5.547642200866058,0.0041548462904387,4,4,12,1,3
liquid_0119,liquid,PYA_30032021_BM066_3,PC:3.1775g | EC:2.1231g | EMC:5.3032g | LiPF6:1.6989g,0.0,-5.25732306565049,0.0064076680169943,4,4,12,1,3
liquid_0120,liquid,PYA_30032021_BM066_3,PC:3.1775g | EC:2.1231g | EMC:5.3032g | LiPF6:1.6989g,10.0,-4.98751031469878,0.0096414789866137,4,4,12,1,3
liquid_0121,liquid,PYA_30032021_BM066_3,PC:3.1775g | EC:2.1231g | EMC:5.3032g | LiPF6:1.6989g,20.0,-4.736105392568609,0.0155413613779753,4,4,12,1,3
liquid_0122,liquid,PYA_30032021_BM066_3,PC:3.1775g | EC:2.1231g | EMC:5.3032g | LiPF6:1.6989g,30.0,-4.501286643760568,0.0121329015830219,4,4,12,1,3
liquid_0123,liquid,PYA_30032021_BM066_3,PC:3.1775g | EC:2.1231g | EMC:5.3032g | LiPF6:1.6989g,40.0,-4.28146510068831,0.0117856007697304,4,4,12,1,3
liquid_0124,liquid,PYA_30032021_BM066_3,PC:3.1775g | EC:2.1231g | EMC:5.3032g | LiPF6:1.6989g,50.0,-4.075248480597471,0.0128184740205002,4,4,12,1,3
liquid_0125,liquid,PYA_30032021_BM066_3,PC:3.1775g | EC:2.1231g | EMC:5.3032g | LiPF6:1.6989g,60.0,-3.881411666605436,0.0153417168216594,4,4,12,1,3
liquid_0126,liquid,PYA_30032021_BM067_2,PC:4.2848g | EC:1.0666g | EMC:5.2959g | LiPF6:1.6975g,-30.0,-6.585151712302732,0.001139336021227,4,4,12,1,3
liquid_0127,liquid,PYA_30032021_BM067_2,PC:4.2848g | EC:1.0666g | EMC:5.2959g | LiPF6:1.6975g,-20.0,-6.24067227732275,0.0019755284108694,4,4,12,1,3
liquid_0128,liquid,PYA_30032021_BM067_2,PC:4.2848g | EC:1.0666g | EMC:5.2959g | LiPF6:1.6975g,-10.0,-5.92237406483792,0.0029753312533618,4,4,12,1,3
liquid_0129,liquid,PYA_30032021_BM067_2,PC:4.2848g | EC:1.0666g | EMC:5.2959g | LiPF6:1.6975g,0.0,-5.627381597363877,0.0038354234442664,4,4,12,1,3
liquid_0130,liquid,PYA_30032021_BM067_2,PC:4.2848g | EC:1.0666g | EMC:5.2959g | LiPF6:1.6975g,10.0,-5.353225610022206,0.0050981423475756,4,4,12,1,3
liquid_0131,liquid,PYA_30032021_BM067_2,PC:4.2848g | EC:1.0666g | EMC:5.2959g | LiPF6:1.6975g,20.0,-5.09777376645278,0.0063234333606068,4,4,12,1,3
liquid_0132,liquid,PYA_30032021_BM067_2,PC:4.2848g | EC:1.0666g | EMC:5.2959g | LiPF6:1.6975g,30.0,-4.859175087558888,0.0086558297605307,4,4,12,1,3
liquid_0133,liquid,PYA_30032021_BM067_2,PC:4.2848g | EC:1.0666g | EMC:5.2959g | LiPF6:1.6975g,40.0,-4.635815027786432,0.009936708755924,4,4,12,1,3
liquid_0134,liquid,PYA_30032021_BM067_2,PC:4.2848g | EC:1.0666g | EMC:5.2959g | LiPF6:1.6975g,50.0,-4.426278892493164,0.0100468778565603,4,4,12,1,3
liquid_0135,liquid,PYA_30032021_BM067_2,PC:4.2848g | EC:1.0666g | EMC:5.2959g | LiPF6:1.6975g,60.0,-4.229321843815129,0.0137301856752248,4,4,12,1,3
liquid_0136,liquid,PYA_30032021_BM067_4,PC:4.2848g | EC:1.0666g | EMC:5.2959g | LiPF6:1.6975g,-30.0,-6.559321648582458,0.0011969802468006,4,4,12,1,3
liquid_0137,liquid,PYA_30032021_BM067_4,PC:4.2848g | EC:1.0666g | EMC:5.2959g | LiPF6:1.6975g,-20.0,-6.213018092286195,0.001988931803392,4,4,12,1,3
liquid_0138,liquid,PYA_30032021_BM067_4,PC:4.2848g | EC:1.0666g | EMC:5.2959g | LiPF6:1.6975g,-10.0,-5.893034395864241,0.0029781286087363,4,4,12,1,3
liquid_0139,liquid,PYA_30032021_BM067_4,PC:4.2848g | EC:1.0666g | EMC:5.2959g | LiPF6:1.6975g,0.0,-5.596479855321619,0.0040153423738702,4,4,12,1,3
liquid_0140,liquid,PYA_30032021_BM067_4,PC:4.2848g | EC:1.0666g | EMC:5.2959g | LiPF6:1.6975g,10.0,-5.3208721302861575,0.0053558139778157,4,4,12,1,3
liquid_0141,liquid,PYA_30032021_BM067_4,PC:4.2848g | EC:1.0666g | EMC:5.2959g | LiPF6:1.6975g,20.0,-5.064067593040937,0.0067198944709994,4,4,12,1,3
liquid_0142,liquid,PYA_30032021_BM067_4,PC:4.2848g | EC:1.0666g | EMC:5.2959g | LiPF6:1.6975g,30.0,-4.824205463003055,0.0084250927726045,4,4,12,1,3
liquid_0143,liquid,PYA_30032021_BM067_4,PC:4.2848g | EC:1.0666g | EMC:5.2959g | LiPF6:1.6975g,40.0,-4.5996626451183165,0.0099049601763307,4,4,12,1,3
liquid_0144,liquid,PYA_30032021_BM067_4,PC:4.2848g | EC:1.0666g | EMC:5.2959g | LiPF6:1.6975g,50.0,-4.389016953514548,0.0119144541635108,4,4,12,1,3
liquid_0145,liquid,PYA_30032021_BM067_4,PC:4.2848g | EC:1.0666g | EMC:5.2959g | LiPF6:1.6975g,60.0,-4.191016958540152,0.0133669078386283,4,4,12,1,3
liquid_0146,liquid,PYA_30032021_BM068_1,PC:5.3058g | EMC:5.2976g | LiPF6:1.7034g,-30.0,-6.685059273030498,0.0011075632299896,3,3,6,1,2
liquid_0147,liquid,PYA_30032021_BM068_1,PC:5.3058g | EMC:5.2976g | LiPF6:1.7034g,-20.0,-6.314339361945943,0.0017890910958612,3,3,6,1,2
liquid_0148,liquid,PYA_30032021_BM068_1,PC:5.3058g | EMC:5.2976g | LiPF6:1.7034g,-10.0,-5.971795009370569,0.0026274970232012,3,3,6,1,2
liquid_0149,liquid,PYA_30032021_BM068_1,PC:5.3058g | EMC:5.2976g | LiPF6:1.7034g,0.0,-5.654331700366522,0.0035888235046088,3,3,6,1,2
liquid_0150,liquid,PYA_30032021_BM068_1,PC:5.3058g | EMC:5.2976g | LiPF6:1.7034g,10.0,-5.359292075558416,0.0050429069325978,3,3,6,1,2
liquid_0151,liquid,PYA_30032021_BM068_1,PC:5.3058g | EMC:5.2976g | LiPF6:1.7034g,20.0,-5.084381369379551,0.0069089024148288,3,3,6,1,2
liquid_0152,liquid,PYA_30032021_BM068_1,PC:5.3058g | EMC:5.2976g | LiPF6:1.7034g,30.0,-4.827607605716198,0.0091906250612957,3,3,6,1,2
liquid_0153,liquid,PYA_30032021_BM068_1,PC:5.3058g | EMC:5.2976g | LiPF6:1.7034g,40.0,-4.587233252154287,0.0094171011513749,3,3,6,1,2
liquid_0154,liquid,PYA_30032021_BM068_1,PC:5.3058g | EMC:5.2976g | LiPF6:1.7034g,50.0,-4.361735850692759,0.0123777371737257,3,3,6,1,2
liquid_0155,liquid,PYA_30032021_BM068_1,PC:5.3058g | EMC:5.2976g | LiPF6:1.7034g,60.0,-4.1497757388282,0.0138304293561211,3,3,6,1,2
liquid_0156,liquid,PYA_30032021_BM068_2,PC:5.3058g | EMC:5.2976g | LiPF6:1.7034g,-30.0,-6.686993902367971,0.0011090611481278,3,3,6,1,2
liquid_0157,liquid,PYA_30032021_BM068_2,PC:5.3058g | EMC:5.2976g | LiPF6:1.7034g,-20.0,-6.330568599327536,0.0018133745074984,3,3,6,1,2
liquid_0158,liquid,PYA_30032021_BM068_2,PC:5.3058g | EMC:5.2976g | LiPF6:1.7034g,-10.0,-6.001232431992244,0.0026365484515657,3,3,6,1,2
liquid_0159,liquid,PYA_30032021_BM068_2,PC:5.3058g | EMC:5.2976g | LiPF6:1.7034g,0.0,-5.696010206984265,0.0035219854913717,3,3,6,1,2
liquid_0160,liquid,PYA_30032021_BM068_2,PC:5.3058g | EMC:5.2976g | LiPF6:1.7034g,10.0,-5.412347030184514,0.0046553643465567,3,3,6,1,2
liquid_0161,liquid,PYA_30032021_BM068_2,PC:5.3058g | EMC:5.2976g | LiPF6:1.7034g,20.0,-5.148036620009341,0.0058840059014612,3,3,6,1,2
liquid_0162,liquid,PYA_30032021_BM068_2,PC:5.3058g | EMC:5.2976g | LiPF6:1.7034g,30.0,-4.901163809054038,0.0074398910432424,3,3,6,1,2
liquid_0163,liquid,PYA_30032021_BM068_2,PC:5.3058g | EMC:5.2976g | LiPF6:1.7034g,40.0,-4.670058062505907,0.0095422576365164,3,3,6,1,2
liquid_0164,liquid,PYA_30032021_BM068_2,PC:5.3058g | EMC:5.2976g | LiPF6:1.7034g,50.0,-4.453255626899948,0.0117040420760538,3,3,6,1,2
liquid_0165,liquid,PYA_30032021_BM068_2,PC:5.3058g | EMC:5.2976g | LiPF6:1.7034g,60.0,-4.249468495847851,0.0130454652206999,3,3,6,1,2
liquid_0166,liquid,PYA_30032021_BM068_3,PC:5.3058g | EMC:5.2976g | LiPF6:1.7034g,-30.0,-6.62715744665002,0.0011483354175956,3,3,6,1,2
liquid_0167,liquid,PYA_30032021_BM068_3,PC:5.3058g | EMC:5.2976g | LiPF6:1.7034g,-20.0,-6.269371398335255,0.0018667599556803,3,3,6,1,2
liquid_0168,liquid,PYA_30032021_BM068_3,PC:5.3058g | EMC:5.2976g | LiPF6:1.7034g,-10.0,-5.938777905469075,0.002640680485666,3,3,6,1,2
liquid_0169,liquid,PYA_30032021_BM068_3,PC:5.3058g | EMC:5.2976g | LiPF6:1.7034g,0.0,-5.63239041610765,0.0043337643143906,3,3,6,1,2
liquid_0170,liquid,PYA_30032021_BM068_3,PC:5.3058g | EMC:5.2976g | LiPF6:1.7034g,10.0,-5.34764428216642,0.0054012338996823,3,3,6,1,2
liquid_0171,liquid,PYA_30032021_BM068_3,PC:5.3058g | EMC:5.2976g | LiPF6:1.7034g,20.0,-5.08232479901429,0.0061441715417177,3,3,6,1,2
liquid_0172,liquid,PYA_30032021_BM068_3,PC:5.3058g | EMC:5.2976g | LiPF6:1.7034g,30.0,-4.834509487602364,0.0074675158762071,3,3,6,1,2
liquid_0173,liquid,PYA_30032021_BM068_3,PC:5.3058g | EMC:5.2976g | LiPF6:1.7034g,40.0,-4.602521435421599,0.0097328037485901,3,3,6,1,2
liquid_0174,liquid,PYA_30032021_BM068_3,PC:5.3058g | EMC:5.2976g | LiPF6:1.7034g,50.0,-4.384891300751636,0.0131867008203425,3,3,6,1,2
liquid_0175,liquid,PYA_30032021_BM068_3,PC:5.3058g | EMC:5.2976g | LiPF6:1.7034g,60.0,-4.180326159908475,0.0136023520243762,3,3,6,1,2
liquid_0176,liquid,PYA_30032021_BM068_4,PC:5.3058g | EMC:5.2976g | LiPF6:1.7034g,-30.0,-6.79629026021075,0.0010257402256843,3,3,6,1,2
liquid_0177,liquid,PYA_30032021_BM068_4,PC:5.3058g | EMC:5.2976g | LiPF6:1.7034g,-20.0,-6.420463215643135,0.0016816871222006,3,3,6,1,2
liquid_0178,liquid,PYA_30032021_BM068_4,PC:5.3058g | EMC:5.2976g | LiPF6:1.7034g,-10.0,-6.073199883374027,0.00246000361664,3,3,6,1,2
liquid_0179,liquid,PYA_30032021_BM068_4,PC:5.3058g | EMC:5.2976g | LiPF6:1.7034g,0.0,-5.7513631176265445,0.0033214025735571,3,3,6,1,2
liquid_0180,liquid,PYA_30032021_BM068_4,PC:5.3058g | EMC:5.2976g | LiPF6:1.7034g,10.0,-5.452258950554498,0.0044267161358052,3,3,6,1,2
liquid_0181,liquid,PYA_30032021_BM068_4,PC:5.3058g | EMC:5.2976g | LiPF6:1.7034g,20.0,-5.173561003306571,0.0056025504460559,3,3,6,1,2
liquid_0182,liquid,PYA_30032021_BM068_4,PC:5.3058g | EMC:5.2976g | LiPF6:1.7034g,30.0,-4.9132498577903245,0.0079740131785993,3,3,6,1,2
liquid_0183,liquid,PYA_30032021_BM068_4,PC:5.3058g | EMC:5.2976g | LiPF6:1.7034g,40.0,-4.669564044895265,0.0069222301062647,3,3,6,1,2
liquid_0184,liquid,PYA_30032021_BM068_4,PC:5.3058g | EMC:5.2976g | LiPF6:1.7034g,50.0,-4.440960132844709,0.0124010476827421,3,3,6,1,2
liquid_0185,liquid,PYA_30032021_BM068_4,PC:5.3058g | EMC:5.2976g | LiPF6:1.7034g,60.0,-4.226080003597729,0.0160420513175806,3,3,6,1,2
liquid_0186,liquid,PYA_30032021_BM069_2,PC:1.2065g | EC:4.2414g | EMC:5.3g | LiPF6:2.4043g,-30.0,-7.216441918687882,0.0005882283285207,4,4,12,1,3
liquid_0187,liquid,PYA_30032021_BM069_2,PC:1.2065g | EC:4.2414g | EMC:5.3g | LiPF6:2.4043g,-20.0,-6.743185810137995,0.0012356974438387,4,4,12,1,3
liquid_0188,liquid,PYA_30032021_BM069_2,PC:1.2065g | EC:4.2414g | EMC:5.3g | LiPF6:2.4043g,-10.0,-6.305898244894199,0.0020337346630649,4,4,12,1,3
liquid_0189,liquid,PYA_30032021_BM069_2,PC:1.2065g | EC:4.2414g | EMC:5.3g | LiPF6:2.4043g,0.0,-5.90062880633858,0.0030834879981451,4,4,12,1,3
liquid_0190,liquid,PYA_30032021_BM069_2,PC:1.2065g | EC:4.2414g | EMC:5.3g | LiPF6:2.4043g,10.0,-5.523985144830861,0.004506767648429,4,4,12,1,3
liquid_0191,liquid,PYA_30032021_BM069_2,PC:1.2065g | EC:4.2414g | EMC:5.3g | LiPF6:2.4043g,20.0,-5.173037793165045,0.0049747124163518,4,4,12,1,3
liquid_0192,liquid,PYA_30032021_BM069_2,PC:1.2065g | EC:4.2414g | EMC:5.3g | LiPF6:2.4043g,30.0,-4.845243821124222,0.0077892254988426,4,4,12,1,3
liquid_0193,liquid,PYA_30032021_BM069_2,PC:1.2065g | EC:4.2414g | EMC:5.3g | LiPF6:2.4043g,40.0,-4.538385117934799,0.0116296355300726,4,4,12,1,3
liquid_0194,liquid,PYA_30032021_BM069_2,PC:1.2065g | EC:4.2414g | EMC:5.3g | LiPF6:2.4043g,50.0,-4.250518133958711,0.0163760014957845,4,4,12,1,3
liquid_0195,liquid,PYA_30032021_BM069_2,PC:1.2065g | EC:4.2414g | EMC:5.3g | LiPF6:2.4043g,60.0,-3.9799326738593193,0.0144587802826108,4,4,12,1,3
liquid_0196,liquid,PYA_30032021_BM070_1,PC:2.1321g | EC:3.1741g | EMC:5.305g | LiPF6:2.4058g,-30.0,-7.334314631872111,0.0005318249885652,4,4,12,1,3
liquid_0197,liquid,PYA_30032021_BM070_1,PC:2.1321g | EC:3.1741g | EMC:5.305g | LiPF6:2.4058g,-20.0,-6.877404374604923,0.001052014457847,4,4,12,1,3
liquid_0198,liquid,PYA_30032021_BM070_1,PC:2.1321g | EC:3.1741g | EMC:5.305g | LiPF6:2.4058g,-10.0,-6.455220338676682,0.0017558300701366,4,4,12,1,3
liquid_0199,liquid,PYA_30032021_BM070_1,PC:2.1321g | EC:3.1741g | EMC:5.305g | LiPF6:2.4058g,0.0,-6.06394855139777,0.0025421668506002,4,4,12,1,3
liquid_0200,liquid,PYA_30032021_BM070_1,PC:2.1321g | EC:3.1741g | EMC:5.305g | LiPF6:2.4058g,10.0,-5.700313831911826,0.0035818169812596,4,4,12,1,3
liquid_0201,liquid,PYA_30032021_BM070_1,PC:2.1321g | EC:3.1741g | EMC:5.305g | LiPF6:2.4058g,20.0,-5.361487894243103,0.004777460259312,4,4,12,1,3
liquid_0202,liquid,PYA_30032021_BM070_1,PC:2.1321g | EC:3.1741g | EMC:5.305g | LiPF6:2.4058g,30.0,-5.045015638756055,0.0073514910109206,4,4,12,1,3
liquid_0203,liquid,PYA_30032021_BM070_1,PC:2.1321g | EC:3.1741g | EMC:5.305g | LiPF6:2.4058g,40.0,-4.748755566279517,0.0087933780675975,4,4,12,1,3
liquid_0204,liquid,PYA_30032021_BM070_1,PC:2.1321g | EC:3.1741g | EMC:5.305g | LiPF6:2.4058g,50.0,-4.470831255676815,0.0088064861564657,4,4,12,1,3
liquid_0205,liquid,PYA_30032021_BM070_1,PC:2.1321g | EC:3.1741g | EMC:5.305g | LiPF6:2.4058g,60.0,-4.209591580259628,0.0150484448878261,4,4,12,1,3
liquid_0206,liquid,PYA_30032021_BM070_3,PC:2.1321g | EC:3.1741g | EMC:5.305g | LiPF6:2.4058g,-30.0,-7.250805710889029,0.0005597891565677,4,4,12,1,3
liquid_0207,liquid,PYA_30032021_BM070_3,PC:2.1321g | EC:3.1741g | EMC:5.305g | LiPF6:2.4058g,-20.0,-6.789027239355995,0.0011356025960783,4,4,12,1,3
liquid_0208,liquid,PYA_30032021_BM070_3,PC:2.1321g | EC:3.1741g | EMC:5.305g | LiPF6:2.4058g,-10.0,-6.362344984545974,0.001930107279483,4,4,12,1,3
liquid_0209,liquid,PYA_30032021_BM070_3,PC:2.1321g | EC:3.1741g | EMC:5.305g | LiPF6:2.4058g,0.0,-5.966904337263685,0.0029067705075772,4,4,12,1,3
liquid_0210,liquid,PYA_30032021_BM070_3,PC:2.1321g | EC:3.1741g | EMC:5.305g | LiPF6:2.4058g,10.0,-5.599395220780075,0.0041886626064573,4,4,12,1,3
liquid_0211,liquid,PYA_30032021_BM070_3,PC:2.1321g | EC:3.1741g | EMC:5.305g | LiPF6:2.4058g,20.0,-5.256959214750745,0.0057073278352457,4,4,12,1,3
liquid_0212,liquid,PYA_30032021_BM070_3,PC:2.1321g | EC:3.1741g | EMC:5.305g | LiPF6:2.4058g,30.0,-4.937115061337568,0.0072303757999618,4,4,12,1,3
liquid_0213,liquid,PYA_30032021_BM070_3,PC:2.1321g | EC:3.1741g | EMC:5.305g | LiPF6:2.4058g,40.0,-4.6376984444668246,0.0090680828803431,4,4,12,1,3
liquid_0214,liquid,PYA_30032021_BM070_3,PC:2.1321g | EC:3.1741g | EMC:5.305g | LiPF6:2.4058g,50.0,-4.356812950410301,0.0115066944099231,4,4,12,1,3
liquid_0215,liquid,PYA_30032021_BM070_3,PC:2.1321g | EC:3.1741g | EMC:5.305g | LiPF6:2.4058g,60.0,-4.092789860319352,0.0157367673193334,4,4,12,1,3
liquid_0216,liquid,PYA_30032021_BM070_4,PC:2.1321g | EC:3.1741g | EMC:5.305g | LiPF6:2.4058g,-30.0,-7.284017367268065,0.0005529440513043,4,4,12,1,3
liquid_0217,liquid,PYA_30032021_BM070_4,PC:2.1321g | EC:3.1741g | EMC:5.305g | LiPF6:2.4058g,-20.0,-6.8201129576136506,0.0011082726778977,4,4,12,1,3
liquid_0218,liquid,PYA_30032021_BM070_4,PC:2.1321g | EC:3.1741g | EMC:5.305g | LiPF6:2.4058g,-10.0,-6.3914663408267565,0.0018737632090913,4,4,12,1,3
liquid_0219,liquid,PYA_30032021_BM070_4,PC:2.1321g | EC:3.1741g | EMC:5.305g | LiPF6:2.4058g,0.0,-5.994205161842308,0.0027426899098911,4,4,12,1,3
liquid_0220,liquid,PYA_30032021_BM070_4,PC:2.1321g | EC:3.1741g | EMC:5.305g | LiPF6:2.4058g,10.0,-5.6250041049828425,0.0039138103357662,4,4,12,1,3
liquid_0221,liquid,PYA_30032021_BM070_4,PC:2.1321g | EC:3.1741g | EMC:5.305g | LiPF6:2.4058g,20.0,-5.28099159029356,0.0053356053548906,4,4,12,1,3
liquid_0222,liquid,PYA_30032021_BM070_4,PC:2.1321g | EC:3.1741g | EMC:5.305g | LiPF6:2.4058g,30.0,-4.959674936708636,0.0073684967948165,4,4,12,1,3
liquid_0223,liquid,PYA_30032021_BM070_4,PC:2.1321g | EC:3.1741g | EMC:5.305g | LiPF6:2.4058g,40.0,-4.658879864064787,0.0096491553882897,4,4,12,1,3
liquid_0224,liquid,PYA_30032021_BM070_4,PC:2.1321g | EC:3.1741g | EMC:5.305g | LiPF6:2.4058g,50.0,-4.376701227914447,0.0116448348963283,4,4,12,1,3
liquid_0225,liquid,PYA_30032021_BM070_4,PC:2.1321g | EC:3.1741g | EMC:5.305g | LiPF6:2.4058g,60.0,-4.1114626269524805,0.0144397358503603,4,4,12,1,3
liquid_0226,liquid,PYA_30032021_BM071_2,PC:3.1845g | EC:2.1278g | EMC:5.2953g | LiPF6:2.4003g,-30.0,-7.244667235630739,0.0005714919067333,4,4,12,1,3
liquid_0227,liquid,PYA_30032021_BM071_2,PC:3.1845g | EC:2.1278g | EMC:5.2953g | LiPF6:2.4003g,-20.0,-6.7956985330013895,0.0011165465791653,4,4,12,1,3
liquid_0228,liquid,PYA_30032021_BM071_2,PC:3.1845g | EC:2.1278g | EMC:5.2953g | LiPF6:2.4003g,-10.0,-6.380852475451223,0.0018547784265209,4,4,12,1,3
liquid_0229,liquid,PYA_30032021_BM071_2,PC:3.1845g | EC:2.1278g | EMC:5.2953g | LiPF6:2.4003g,0.0,-5.996381380928709,0.0027346418185657,4,4,12,1,3
liquid_0230,liquid,PYA_30032021_BM071_2,PC:3.1845g | EC:2.1278g | EMC:5.2953g | LiPF6:2.4003g,10.0,-5.639066994477715,0.0039409147519503,4,4,12,1,3
liquid_0231,liquid,PYA_30032021_BM071_2,PC:3.1845g | EC:2.1278g | EMC:5.2953g | LiPF6:2.4003g,20.0,-5.306130188545292,0.0055652410074503,4,4,12,1,3
liquid_0232,liquid,PYA_30032021_BM071_2,PC:3.1845g | EC:2.1278g | EMC:5.2953g | LiPF6:2.4003g,30.0,-4.995158535568993,0.0072618618982407,4,4,12,1,3
liquid_0233,liquid,PYA_30032021_BM071_2,PC:3.1845g | EC:2.1278g | EMC:5.2953g | LiPF6:2.4003g,40.0,-4.7040477577628215,0.0090809523577657,4,4,12,1,3
liquid_0234,liquid,PYA_30032021_BM071_2,PC:3.1845g | EC:2.1278g | EMC:5.2953g | LiPF6:2.4003g,50.0,-4.430954048055441,0.0108384962439763,4,4,12,1,3
liquid_0235,liquid,PYA_30032021_BM071_2,PC:3.1845g | EC:2.1278g | EMC:5.2953g | LiPF6:2.4003g,60.0,-4.1742549779823,0.0131440167079133,4,4,12,1,3
liquid_0236,liquid,PYA_30032021_BM071_3,PC:3.1845g | EC:2.1278g | EMC:5.2953g | LiPF6:2.4003g,-30.0,-7.182524514210049,0.0005965051012748,4,4,12,1,3
liquid_0237,liquid,PYA_30032021_BM071_3,PC:3.1845g | EC:2.1278g | EMC:5.2953g | LiPF6:2.4003g,-20.0,-6.738391599712396,0.0011709297952627,4,4,12,1,3
liquid_0238,liquid,PYA_30032021_BM071_3,PC:3.1845g | EC:2.1278g | EMC:5.2953g | LiPF6:2.4003g,-10.0,-6.328013799369988,0.0019718760413049,4,4,12,1,3
liquid_0239,liquid,PYA_30032021_BM071_3,PC:3.1845g | EC:2.1278g | EMC:5.2953g | LiPF6:2.4003g,0.0,-5.947683796965886,0.0029263980506366,4,4,12,1,3
liquid_0240,liquid,PYA_30032021_BM071_3,PC:3.1845g | EC:2.1278g | EMC:5.2953g | LiPF6:2.4003g,10.0,-5.594218000982699,0.0041436335248051,4,4,12,1,3
liquid_0241,liquid,PYA_30032021_BM071_3,PC:3.1845g | EC:2.1278g | EMC:5.2953g | LiPF6:2.4003g,20.0,-5.264867217517554,0.005905220857734,4,4,12,1,3
liquid_0242,liquid,PYA_30032021_BM071_3,PC:3.1845g | EC:2.1278g | EMC:5.2953g | LiPF6:2.4003g,30.0,-4.957245002976383,0.0077558464648822,4,4,12,1,3
liquid_0243,liquid,PYA_30032021_BM071_3,PC:3.1845g | EC:2.1278g | EMC:5.2953g | LiPF6:2.4003g,40.0,-4.669269744497236,0.0091881133043388,4,4,12,1,3
liquid_0244,liquid,PYA_30032021_BM071_3,PC:3.1845g | EC:2.1278g | EMC:5.2953g | LiPF6:2.4003g,50.0,-4.399117494433946,0.0108753665669261,4,4,12,1,3
liquid_0245,liquid,PYA_30032021_BM071_3,PC:3.1845g | EC:2.1278g | EMC:5.2953g | LiPF6:2.4003g,60.0,-4.145183299304665,0.013556717616314,4,4,12,1,3
liquid_0246,liquid,PYA_30032021_BM072_1,PC:4.2379g | EC:1.0561g | EMC:5.2961g | LiPF6:2.4015g,-30.0,-7.2424450837683985,0.0005828627107543,4,4,12,1,3
liquid_0247,liquid,PYA_30032021_BM072_1,PC:4.2379g | EC:1.0561g | EMC:5.2961g | LiPF6:2.4015g,-20.0,-6.786752529572913,0.0011579946316205,4,4,12,1,3
liquid_0248,liquid,PYA_30032021_BM072_1,PC:4.2379g | EC:1.0561g | EMC:5.2961g | LiPF6:2.4015g,-10.0,-6.365693648506479,0.0018754236688187,4,4,12,1,3
liquid_0249,liquid,PYA_30032021_BM072_1,PC:4.2379g | EC:1.0561g | EMC:5.2961g | LiPF6:2.4015g,0.0,-5.975464632427519,0.0029050964903698,4,4,12,1,3
liquid_0250,liquid,PYA_30032021_BM072_1,PC:4.2379g | EC:1.0561g | EMC:5.2961g | LiPF6:2.4015g,10.0,-5.612799029103563,0.0039010997752214,4,4,12,1,3
liquid_0251,liquid,PYA_30032021_BM072_1,PC:4.2379g | EC:1.0561g | EMC:5.2961g | LiPF6:2.4015g,20.0,-5.274876090171484,0.0053314826369692,4,4,12,1,3
liquid_0252,liquid,PYA_30032021_BM072_1,PC:4.2379g | EC:1.0561g | EMC:5.2961g | LiPF6:2.4015g,30.0,-4.959247259036344,0.0069680365208033,4,4,12,1,3
liquid_0253,liquid,PYA_30032021_BM072_1,PC:4.2379g | EC:1.0561g | EMC:5.2961g | LiPF6:2.4015g,40.0,-4.663776743796788,0.0097638325216209,4,4,12,1,3
liquid_0254,liquid,PYA_30032021_BM072_1,PC:4.2379g | EC:1.0561g | EMC:5.2961g | LiPF6:2.4015g,50.0,-4.386593124131398,0.0111028412023037,4,4,12,1,3
liquid_0255,liquid,PYA_30032021_BM072_1,PC:4.2379g | EC:1.0561g | EMC:5.2961g | LiPF6:2.4015g,60.0,-4.126049673739031,0.0151736481594505,4,4,12,1,3
liquid_0256,liquid,PYA_30032021_BM072_3,PC:4.2379g | EC:1.0561g | EMC:5.2961g | LiPF6:2.4015g,-30.0,-7.56730428356518,0.0004696288904965,4,4,12,1,3
liquid_0257,liquid,PYA_30032021_BM072_3,PC:4.2379g | EC:1.0561g | EMC:5.2961g | LiPF6:2.4015g,-20.0,-7.087016536121169,0.0009160351140172,4,4,12,1,3
liquid_0258,liquid,PYA_30032021_BM072_3,PC:4.2379g | EC:1.0561g | EMC:5.2961g | LiPF6:2.4015g,-10.0,-6.643231752571818,0.0014673376615376,4,4,12,1,3
liquid_0259,liquid,PYA_30032021_BM072_3,PC:4.2379g | EC:1.0561g | EMC:5.2961g | LiPF6:2.4015g,0.0,-6.231940821012168,0.0020886145704649,4,4,12,1,3
liquid_0260,liquid,PYA_30032021_BM072_3,PC:4.2379g | EC:1.0561g | EMC:5.2961g | LiPF6:2.4015g,10.0,-5.849700988273616,0.0029763011843975,4,4,12,1,3
liquid_0261,liquid,PYA_30032021_BM072_3,PC:4.2379g | EC:1.0561g | EMC:5.2961g | LiPF6:2.4015g,20.0,-5.493539261128685,0.0036929220109318,4,4,12,1,3
liquid_0262,liquid,PYA_30032021_BM072_3,PC:4.2379g | EC:1.0561g | EMC:5.2961g | LiPF6:2.4015g,30.0,-5.160874926505276,0.0047963123610926,4,4,12,1,3
liquid_0263,liquid,PYA_30032021_BM072_3,PC:4.2379g | EC:1.0561g | EMC:5.2961g | LiPF6:2.4015g,40.0,-4.849456916941639,0.0057935860995135,4,4,12,1,3
liquid_0264,liquid,PYA_30032021_BM072_3,PC:4.2379g | EC:1.0561g | EMC:5.2961g | LiPF6:2.4015g,50.0,-4.557312805540693,0.0134340486331469,4,4,12,1,3
liquid_0265,liquid,PYA_30032021_BM072_3,PC:4.2379g | EC:1.0561g | EMC:5.2961g | LiPF6:2.4015g,60.0,-4.282706986884811,0.0157767824102312,4,4,12,1,3
liquid_0266,liquid,PYA_30032021_BM072_4,PC:4.2379g | EC:1.0561g | EMC:5.2961g | LiPF6:2.4015g,-30.0,-7.381160120667978,0.0005175080799228,4,4,12,1,3
liquid_0267,liquid,PYA_30032021_BM072_4,PC:4.2379g | EC:1.0561g | EMC:5.2961g | LiPF6:2.4015g,-20.0,-6.9220495602937895,0.0009965156741438,4,4,12,1,3
liquid_0268,liquid,PYA_30032021_BM072_4,PC:4.2379g | EC:1.0561g | EMC:5.2961g | LiPF6:2.4015g,-10.0,-6.497832449311519,0.0016719120931821,4,4,12,1,3
liquid_0269,liquid,PYA_30032021_BM072_4,PC:4.2379g | EC:1.0561g | EMC:5.2961g | LiPF6:2.4015g,0.0,-6.104676448413983,0.0024675967469779,4,4,12,1,3
liquid_0270,liquid,PYA_30032021_BM072_4,PC:4.2379g | EC:1.0561g | EMC:5.2961g | LiPF6:2.4015g,10.0,-5.739290604740361,0.0034942526116172,4,4,12,1,3
liquid_0271,liquid,PYA_30032021_BM072_4,PC:4.2379g | EC:1.0561g | EMC:5.2961g | LiPF6:2.4015g,20.0,-5.398833012383376,0.0047498143200187,4,4,12,1,3
liquid_0272,liquid,PYA_30032021_BM072_4,PC:4.2379g | EC:1.0561g | EMC:5.2961g | LiPF6:2.4015g,30.0,-5.080836748897049,0.006240785535326,4,4,12,1,3
liquid_0273,liquid,PYA_30032021_BM072_4,PC:4.2379g | EC:1.0561g | EMC:5.2961g | LiPF6:2.4015g,40.0,-4.783150002478344,0.0078049032030012,4,4,12,1,3
liquid_0274,liquid,PYA_30032021_BM072_4,PC:4.2379g | EC:1.0561g | EMC:5.2961g | LiPF6:2.4015g,50.0,-4.503887315872033,0.0104552903362128,4,4,12,1,3
liquid_0275,liquid,PYA_30032021_BM072_4,PC:4.2379g | EC:1.0561g | EMC:5.2961g | LiPF6:2.4015g,60.0,-4.241389611202164,0.0138358559294724,4,4,12,1,3
liquid_0276,liquid,PYA_30032021_BM073_1,PC:5.2948g | EMC:5.2994g | LiPF6:2.4065g,-30.0,-7.249699504468768,0.000579090536179,3,3,6,1,2
liquid_0277,liquid,PYA_30032021_BM073_1,PC:5.2948g | EMC:5.2994g | LiPF6:2.4065g,-20.0,-6.803423169664142,0.0011181142290483,3,3,6,1,2
liquid_0278,liquid,PYA_30032021_BM073_1,PC:5.2948g | EMC:5.2994g | LiPF6:2.4065g,-10.0,-6.391064853845236,0.0018240558737387,3,3,6,1,2
liquid_0279,liquid,PYA_30032021_BM073_1,PC:5.2948g | EMC:5.2994g | LiPF6:2.4065g,0.0,-6.008899348996045,0.0027196885393786,3,3,6,1,2
liquid_0280,liquid,PYA_30032021_BM073_1,PC:5.2948g | EMC:5.2994g | LiPF6:2.4065g,10.0,-5.6537276993366286,0.0038020845169232,3,3,6,1,2
liquid_0281,liquid,PYA_30032021_BM073_1,PC:5.2948g | EMC:5.2994g | LiPF6:2.4065g,20.0,-5.322787443138538,0.0053325781605681,3,3,6,1,2
liquid_0282,liquid,PYA_30032021_BM073_1,PC:5.2948g | EMC:5.2994g | LiPF6:2.4065g,30.0,-5.013680619643606,0.006987152364293,3,3,6,1,2
liquid_0283,liquid,PYA_30032021_BM073_1,PC:5.2948g | EMC:5.2994g | LiPF6:2.4065g,40.0,-4.724315569962813,0.0085731275329559,3,3,6,1,2
liquid_0284,liquid,PYA_30032021_BM073_1,PC:5.2948g | EMC:5.2994g | LiPF6:2.4065g,50.0,-4.4528595439354826,0.0113877071118771,3,3,6,1,2
liquid_0285,liquid,PYA_30032021_BM073_1,PC:5.2948g | EMC:5.2994g | LiPF6:2.4065g,60.0,-4.19769984244829,0.0129079547097069,3,3,6,1,2
liquid_0286,liquid,PYA_30032021_BM073_2,PC:5.2948g | EMC:5.2994g | LiPF6:2.4065g,-30.0,-7.159864492923203,0.0005972834095425,3,3,6,1,2
liquid_0287,liquid,PYA_30032021_BM073_2,PC:5.2948g | EMC:5.2994g | LiPF6:2.4065g,-20.0,-6.716142124845488,0.0011617570572117,3,3,6,1,2
liquid_0288,liquid,PYA_30032021_BM073_2,PC:5.2948g | EMC:5.2994g | LiPF6:2.4065g,-10.0,-6.306143668459029,0.0019887402328626,3,3,6,1,2
liquid_0289,liquid,PYA_30032021_BM073_2,PC:5.2948g | EMC:5.2994g | LiPF6:2.4065g,0.0,-5.926165234506136,0.0030833799999999,3,3,6,1,2
liquid_0290,liquid,PYA_30032021_BM073_2,PC:5.2948g | EMC:5.2994g | LiPF6:2.4065g,10.0,-5.57302617430941,0.0043654109924297,3,3,6,1,2
liquid_0291,liquid,PYA_30032021_BM073_2,PC:5.2948g | EMC:5.2994g | LiPF6:2.4065g,20.0,-5.243979835258632,0.0070523189054198,3,3,6,1,2
liquid_0292,liquid,PYA_30032021_BM073_2,PC:5.2948g | EMC:5.2994g | LiPF6:2.4065g,30.0,-4.936641979734212,0.0075455893140925,3,3,6,1,2
liquid_0293,liquid,PYA_30032021_BM073_2,PC:5.2948g | EMC:5.2994g | LiPF6:2.4065g,40.0,-4.648932919070044,0.0080554496361223,3,3,6,1,2
liquid_0294,liquid,PYA_30032021_BM073_2,PC:5.2948g | EMC:5.2994g | LiPF6:2.4065g,50.0,-4.379030391635904,0.0117777912336954,3,3,6,1,2
liquid_0295,liquid,PYA_30032021_BM073_2,PC:5.2948g | EMC:5.2994g | LiPF6:2.4065g,60.0,-4.125330927532644,0.0136481056048201,3,3,6,1,2
liquid_0296,liquid,PYA_30032021_BM073_3,PC:5.2948g | EMC:5.2994g | LiPF6:2.4065g,-30.0,-7.305759330755393,0.0005725044103876,3,3,6,1,2
liquid_0297,liquid,PYA_30032021_BM073_3,PC:5.2948g | EMC:5.2994g | LiPF6:2.4065g,-20.0,-6.862153239114095,0.0010605326645919,3,3,6,1,2
liquid_0298,liquid,PYA_30032021_BM073_3,PC:5.2948g | EMC:5.2994g | LiPF6:2.4065g,-10.0,-6.452262221889768,0.0017281785376479,3,3,6,1,2
liquid_0299,liquid,PYA_30032021_BM073_3,PC:5.2948g | EMC:5.2994g | LiPF6:2.4065g,0.0,-6.072383360420471,0.0024339410320738,3,3,6,1,2
liquid_0300,liquid,PYA_30032021_BM073_3,PC:5.2948g | EMC:5.2994g | LiPF6:2.4065g,10.0,-5.719336839510545,0.0036332129909294,3,3,6,1,2
liquid_0301,liquid,PYA_30032021_BM073_3,PC:5.2948g | EMC:5.2994g | LiPF6:2.4065g,20.0,-5.3903767263038365,0.0042784719594852,3,3,6,1,2
liquid_0302,liquid,PYA_30032021_BM073_3,PC:5.2948g | EMC:5.2994g | LiPF6:2.4065g,30.0,-5.0831194079648,0.0074438504033597,3,3,6,1,2
liquid_0303,liquid,PYA_30032021_BM073_3,PC:5.2948g | EMC:5.2994g | LiPF6:2.4065g,40.0,-4.795485740805006,0.0074457161460773,3,3,6,1,2
liquid_0304,liquid,PYA_30032021_BM073_3,PC:5.2948g | EMC:5.2994g | LiPF6:2.4065g,50.0,-4.525653940713747,0.0101667299445863,3,3,6,1,2
liquid_0305,liquid,PYA_30032021_BM073_3,PC:5.2948g | EMC:5.2994g | LiPF6:2.4065g,60.0,-4.272020957977507,0.0132437242132668,3,3,6,1,2
liquid_0306,liquid,PYA_30032021_BM073_4,PC:5.2948g | EMC:5.2994g | LiPF6:2.4065g,-30.0,-7.229265529372864,0.0005932107814187,3,3,6,1,2
liquid_0307,liquid,PYA_30032021_BM073_4,PC:5.2948g | EMC:5.2994g | LiPF6:2.4065g,-20.0,-6.7940317752860775,0.0009571063813259,3,3,6,1,2
liquid_0308,liquid,PYA_30032021_BM073_4,PC:5.2948g | EMC:5.2994g | LiPF6:2.4065g,-10.0,-6.391876778872616,0.0018741286337668,3,3,6,1,2
liquid_0309,liquid,PYA_30032021_BM073_4,PC:5.2948g | EMC:5.2994g | LiPF6:2.4065g,0.0,-6.019167507988239,0.0028717105796935,3,3,6,1,2
liquid_0310,liquid,PYA_30032021_BM073_4,PC:5.2948g | EMC:5.2994g | LiPF6:2.4065g,10.0,-5.672784161234844,0.0040054384040487,3,3,6,1,2
liquid_0311,liquid,PYA_30032021_BM073_4,PC:5.2948g | EMC:5.2994g | LiPF6:2.4065g,20.0,-5.350032630736157,0.0055501526371255,3,3,6,1,2
liquid_0312,liquid,PYA_30032021_BM073_4,PC:5.2948g | EMC:5.2994g | LiPF6:2.4065g,30.0,-5.048574290440255,0.0071962050133404,3,3,6,1,2
liquid_0313,liquid,PYA_30032021_BM073_4,PC:5.2948g | EMC:5.2994g | LiPF6:2.4065g,40.0,-4.766369237086449,0.0088636616165673,3,3,6,1,2
liquid_0314,liquid,PYA_30032021_BM073_4,PC:5.2948g | EMC:5.2994g | LiPF6:2.4065g,50.0,-4.501630069751757,0.0095931167011711,3,3,6,1,2
liquid_0315,liquid,PYA_30032021_BM073_4,PC:5.2948g | EMC:5.2994g | LiPF6:2.4065g,60.0,-4.252783993657328,0.0112008905309161,3,3,6,1,2
liquid_0316,liquid,PYA_31082021_BM170_2,PC:1.4988g | EC:1.5063g | EMC:7.215g | LiPF6:1.861g,-30.0,-6.224409385504225,0.0018816446419864,4,4,12,1,3
liquid_0317,liquid,PYA_31082021_BM170_2,PC:1.4988g | EC:1.5063g | EMC:7.215g | LiPF6:1.861g,-20.0,-5.917355706636618,0.0027458126515724,4,4,12,1,3
liquid_0318,liquid,PYA_31082021_BM170_2,PC:1.4988g | EC:1.5063g | EMC:7.215g | LiPF6:1.861g,-10.0,-5.63363880746634,0.0036398271797269,4,4,12,1,3
liquid_0319,liquid,PYA_31082021_BM170_2,PC:1.4988g | EC:1.5063g | EMC:7.215g | LiPF6:1.861g,0.0,-5.370695614989841,0.0044276326024329,4,4,12,1,3
liquid_0320,liquid,PYA_31082021_BM170_2,PC:1.4988g | EC:1.5063g | EMC:7.215g | LiPF6:1.861g,10.0,-5.126325136091056,0.0060237472818287,4,4,12,1,3
liquid_0321,liquid,PYA_31082021_BM170_2,PC:1.4988g | EC:1.5063g | EMC:7.215g | LiPF6:1.861g,20.0,-4.898626700780795,0.0074490472242018,4,4,12,1,3
liquid_0322,liquid,PYA_31082021_BM170_2,PC:1.4988g | EC:1.5063g | EMC:7.215g | LiPF6:1.861g,30.0,-4.6859504284466365,0.010824560511969,4,4,12,1,3
liquid_0323,liquid,PYA_31082021_BM170_2,PC:1.4988g | EC:1.5063g | EMC:7.215g | LiPF6:1.861g,40.0,-4.486857184842105,0.0110660962493384,4,4,12,1,3
liquid_0324,liquid,PYA_31082021_BM170_2,PC:1.4988g | EC:1.5063g | EMC:7.215g | LiPF6:1.861g,50.0,-4.300085973953312,0.0143200530674776,4,4,12,1,3
liquid_0325,liquid,PYA_31082021_BM170_2,PC:1.4988g | EC:1.5063g | EMC:7.215g | LiPF6:1.861g,60.0,-4.124527202559569,0.013955809417471,4,4,12,1,3
liquid_0326,liquid,PYA_31082021_BM170_3,PC:1.4988g | EC:1.5063g | EMC:7.215g | LiPF6:1.861g,-30.0,-5.959633351259352,0.0021187071995757,4,4,12,1,3
liquid_0327,liquid,PYA_31082021_BM170_3,PC:1.4988g | EC:1.5063g | EMC:7.215g | LiPF6:1.861g,-20.0,-5.692718047032534,0.0033533317272752,4,4,12,1,3
liquid_0328,liquid,PYA_31082021_BM170_3,PC:1.4988g | EC:1.5063g | EMC:7.215g | LiPF6:1.861g,-10.0,-5.446088914512103,0.0041502465949179,4,4,12,1,3
liquid_0329,liquid,PYA_31082021_BM170_3,PC:1.4988g | EC:1.5063g | EMC:7.215g | LiPF6:1.861g,0.0,-5.217517928249805,0.0066044011094855,4,4,12,1,3
liquid_0330,liquid,PYA_31082021_BM170_3,PC:1.4988g | EC:1.5063g | EMC:7.215g | LiPF6:1.861g,10.0,-5.005091811227294,0.0079355235408782,4,4,12,1,3
liquid_0331,liquid,PYA_31082021_BM170_3,PC:1.4988g | EC:1.5063g | EMC:7.215g | LiPF6:1.861g,20.0,-4.8071583510031815,0.0092457748587564,4,4,12,1,3
liquid_0332,liquid,PYA_31082021_BM170_3,PC:1.4988g | EC:1.5063g | EMC:7.215g | LiPF6:1.861g,30.0,-4.622283341065997,0.0096783431638875,4,4,12,1,3
liquid_0333,liquid,PYA_31082021_BM170_3,PC:1.4988g | EC:1.5063g | EMC:7.215g | LiPF6:1.861g,40.0,-4.449215772287182,0.0114131355647336,4,4,12,1,3
liquid_0334,liquid,PYA_31082021_BM170_3,PC:1.4988g | EC:1.5063g | EMC:7.215g | LiPF6:1.861g,50.0,-4.286859487356662,0.0128508247462105,4,4,12,1,3
liquid_0335,liquid,PYA_31082021_BM170_3,PC:1.4988g | EC:1.5063g | EMC:7.215g | LiPF6:1.861g,60.0,-4.134249940227764,0.0138944806382753,4,4,12,1,3
liquid_0336,liquid,PYA_31082021_BM170_4,PC:1.4988g | EC:1.5063g | EMC:7.215g | LiPF6:1.861g,-30.0,-6.255656226694966,0.0018051696652189,4,4,12,1,3
liquid_0337,liquid,PYA_31082021_BM170_4,PC:1.4988g | EC:1.5063g | EMC:7.215g | LiPF6:1.861g,-20.0,-5.95956827432572,0.0026343922630289,4,4,12,1,3
liquid_0338,liquid,PYA_31082021_BM170_4,PC:1.4988g | EC:1.5063g | EMC:7.215g | LiPF6:1.861g,-10.0,-5.685983681437318,0.0035392151606146,4,4,12,1,3
liquid_0339,liquid,PYA_31082021_BM170_4,PC:1.4988g | EC:1.5063g | EMC:7.215g | LiPF6:1.861g,0.0,-5.432430909371791,0.0044692437320337,4,4,12,1,3
liquid_0340,liquid,PYA_31082021_BM170_4,PC:1.4988g | EC:1.5063g | EMC:7.215g | LiPF6:1.861g,10.0,-5.196787568495778,0.0056445373061274,4,4,12,1,3
liquid_0341,liquid,PYA_31082021_BM170_4,PC:1.4988g | EC:1.5063g | EMC:7.215g | LiPF6:1.861g,20.0,-4.977220866942705,0.0063603569694174,4,4,12,1,3
liquid_0342,liquid,PYA_31082021_BM170_4,PC:1.4988g | EC:1.5063g | EMC:7.215g | LiPF6:1.861g,30.0,-4.772139845848355,0.0089925102004143,4,4,12,1,3
liquid_0343,liquid,PYA_31082021_BM170_4,PC:1.4988g | EC:1.5063g | EMC:7.215g | LiPF6:1.861g,40.0,-4.580156766385448,0.0107870999854475,4,4,12,1,3
liquid_0344,liquid,PYA_31082021_BM170_4,PC:1.4988g | EC:1.5063g | EMC:7.215g | LiPF6:1.861g,50.0,-4.400055666155897,0.011694824967947,4,4,12,1,3
liquid_0345,liquid,PYA_31082021_BM170_4,PC:1.4988g | EC:1.5063g | EMC:7.215g | LiPF6:1.861g,60.0,-4.230766578547058,0.0141780207570915,4,4,12,1,3
liquid_0346,liquid,PYA_31082021_BM170_6,PC:1.4988g | EC:1.5063g | EMC:7.215g | LiPF6:1.861g,-30.0,-6.200903510249638,0.0019173639166323,4,4,12,1,3
liquid_0347,liquid,PYA_31082021_BM170_6,PC:1.4988g | EC:1.5063g | EMC:7.215g | LiPF6:1.861g,-20.0,-5.903313490366557,0.0027627651468168,4,4,12,1,3
liquid_0348,liquid,PYA_31082021_BM170_6,PC:1.4988g | EC:1.5063g | EMC:7.215g | LiPF6:1.861g,-10.0,-5.628340990520191,0.003705308531182,4,4,12,1,3
liquid_0349,liquid,PYA_31082021_BM170_6,PC:1.4988g | EC:1.5063g | EMC:7.215g | LiPF6:1.861g,0.0,-5.373501933825672,0.0044956608598732,4,4,12,1,3
liquid_0350,liquid,PYA_31082021_BM170_6,PC:1.4988g | EC:1.5063g | EMC:7.215g | LiPF6:1.861g,10.0,-5.136663163671469,0.0059528372580046,4,4,12,1,3
liquid_0351,liquid,PYA_31082021_BM170_6,PC:1.4988g | EC:1.5063g | EMC:7.215g | LiPF6:1.861g,20.0,-4.915982590355349,0.007574214388851,4,4,12,1,3
liquid_0352,liquid,PYA_31082021_BM170_6,PC:1.4988g | EC:1.5063g | EMC:7.215g | LiPF6:1.861g,30.0,-4.709861184007141,0.0095991758319456,4,4,12,1,3
liquid_0353,liquid,PYA_31082021_BM170_6,PC:1.4988g | EC:1.5063g | EMC:7.215g | LiPF6:1.861g,40.0,-4.516904165738013,0.0114984600029964,4,4,12,1,3
liquid_0354,liquid,PYA_31082021_BM170_6,PC:1.4988g | EC:1.5063g | EMC:7.215g | LiPF6:1.861g,50.0,-4.33588940451788,0.0128320253332143,4,4,12,1,3
liquid_0355,liquid,PYA_31082021_BM170_6,PC:1.4988g | EC:1.5063g | EMC:7.215g | LiPF6:1.861g,60.0,-4.165741505745301,0.0140966382026042,4,4,12,1,3
liquid_0356,liquid,PYA_31082021_BM171_1,PC:1.5112g | EC:1.5076g | EMC:7.202000000000001g | LiPF6:1.2229g,-30.0,-6.433055840196203,0.0014513454201835,4,4,12,1,3
liquid_0357,liquid,PYA_31082021_BM171_1,PC:1.5112g | EC:1.5076g | EMC:7.202000000000001g | LiPF6:1.2229g,-20.0,-6.078112263701724,0.0022652214168225,4,4,12,1,3
liquid_0358,liquid,PYA_31082021_BM171_1,PC:1.5112g | EC:1.5076g | EMC:7.202000000000001g | LiPF6:1.2229g,-10.0,-5.75014520831646,0.0032664599860696,4,4,12,1,3
liquid_0359,liquid,PYA_31082021_BM171_1,PC:1.5112g | EC:1.5076g | EMC:7.202000000000001g | LiPF6:1.2229g,0.0,-5.446191849097056,0.0043428419425725,4,4,12,1,3
liquid_0360,liquid,PYA_31082021_BM171_1,PC:1.5112g | EC:1.5076g | EMC:7.202000000000001g | LiPF6:1.2229g,10.0,-5.1637079130964,0.0057441972546701,4,4,12,1,3
liquid_0361,liquid,PYA_31082021_BM171_1,PC:1.5112g | EC:1.5076g | EMC:7.202000000000001g | LiPF6:1.2229g,20.0,-4.9004962906554,0.0078848715871416,4,4,12,1,3
liquid_0362,liquid,PYA_31082021_BM171_1,PC:1.5112g | EC:1.5076g | EMC:7.202000000000001g | LiPF6:1.2229g,30.0,-4.654649776077899,0.0115206350820567,4,4,12,1,3
liquid_0363,liquid,PYA_31082021_BM171_1,PC:1.5112g | EC:1.5076g | EMC:7.202000000000001g | LiPF6:1.2229g,40.0,-4.424504779276384,0.0130192912132721,4,4,12,1,3
liquid_0364,liquid,PYA_31082021_BM171_1,PC:1.5112g | EC:1.5076g | EMC:7.202000000000001g | LiPF6:1.2229g,50.0,-4.20860363188236,0.0150226920724733,4,4,12,1,3
liquid_0365,liquid,PYA_31082021_BM171_1,PC:1.5112g | EC:1.5076g | EMC:7.202000000000001g | LiPF6:1.2229g,60.0,-4.005663681990603,0.0139677668853101,4,4,12,1,3
liquid_0366,liquid,PYA_31082021_BM171_2,PC:1.5112g | EC:1.5076g | EMC:7.202000000000001g | LiPF6:1.2229g,-30.0,-6.477142613761296,0.0014021947555069,4,4,12,1,3
liquid_0367,liquid,PYA_31082021_BM171_2,PC:1.5112g | EC:1.5076g | EMC:7.202000000000001g | LiPF6:1.2229g,-20.0,-6.137573343488177,0.0022137563762701,4,4,12,1,3
liquid_0368,liquid,PYA_31082021_BM171_2,PC:1.5112g | EC:1.5076g | EMC:7.202000000000001g | LiPF6:1.2229g,-10.0,-5.823812111996978,0.0031098464199154,4,4,12,1,3
liquid_0369,liquid,PYA_31082021_BM171_2,PC:1.5112g | EC:1.5076g | EMC:7.202000000000001g | LiPF6:1.2229g,0.0,-5.533024428482436,0.0040486002812688,4,4,12,1,3
liquid_0370,liquid,PYA_31082021_BM171_2,PC:1.5112g | EC:1.5076g | EMC:7.202000000000001g | LiPF6:1.2229g,10.0,-5.262776224644006,0.0054540673026814,4,4,12,1,3
liquid_0371,liquid,PYA_31082021_BM171_2,PC:1.5112g | EC:1.5076g | EMC:7.202000000000001g | LiPF6:1.2229g,20.0,-5.0109655581645,0.0068463469155442,4,4,12,1,3
liquid_0372,liquid,PYA_31082021_BM171_2,PC:1.5112g | EC:1.5076g | EMC:7.202000000000001g | LiPF6:1.2229g,30.0,-4.7757678335606,0.0076778417844112,4,4,12,1,3
liquid_0373,liquid,PYA_31082021_BM171_2,PC:1.5112g | EC:1.5076g | EMC:7.202000000000001g | LiPF6:1.2229g,40.0,-4.555591518798878,0.0107237105514229,4,4,12,1,3
liquid_0374,liquid,PYA_31082021_BM171_2,PC:1.5112g | EC:1.5076g | EMC:7.202000000000001g | LiPF6:1.2229g,50.0,-4.3490420841090565,0.0142728413104674,4,4,12,1,3
liquid_0375,liquid,PYA_31082021_BM171_2,PC:1.5112g | EC:1.5076g | EMC:7.202000000000001g | LiPF6:1.2229g,60.0,-4.154892435382904,0.0140420938508788,4,4,12,1,3
liquid_0376,liquid,PYA_31082021_BM171_3,PC:1.5112g | EC:1.5076g | EMC:7.202000000000001g | LiPF6:1.2229g,-30.0,-6.483217154433777,0.0013820682048411,4,4,12,1,3
liquid_0377,liquid,PYA_31082021_BM171_3,PC:1.5112g | EC:1.5076g | EMC:7.202000000000001g | LiPF6:1.2229g,-20.0,-6.134604575651477,0.0021896632721476,4,4,12,1,3
liquid_0378,liquid,PYA_31082021_BM171_3,PC:1.5112g | EC:1.5076g | EMC:7.202000000000001g | LiPF6:1.2229g,-10.0,-5.812487347717156,0.0031147110630698,4,4,12,1,3
liquid_0379,liquid,PYA_31082021_BM171_3,PC:1.5112g | EC:1.5076g | EMC:7.202000000000001g | LiPF6:1.2229g,0.0,-5.513955492503636,0.0041541339096344,4,4,12,1,3
liquid_0380,liquid,PYA_31082021_BM171_3,PC:1.5112g | EC:1.5076g | EMC:7.202000000000001g | LiPF6:1.2229g,10.0,-5.236510118322326,0.0055139888727459,4,4,12,1,3
liquid_0381,liquid,PYA_31082021_BM171_3,PC:1.5112g | EC:1.5076g | EMC:7.202000000000001g | LiPF6:1.2229g,20.0,-4.977993304549088,0.0070921479364313,4,4,12,1,3
liquid_0382,liquid,PYA_31082021_BM171_3,PC:1.5112g | EC:1.5076g | EMC:7.202000000000001g | LiPF6:1.2229g,30.0,-4.736531863612613,0.0092857927108137,4,4,12,1,3
liquid_0383,liquid,PYA_31082021_BM171_3,PC:1.5112g | EC:1.5076g | EMC:7.202000000000001g | LiPF6:1.2229g,40.0,-4.510491878268439,0.0109601647575863,4,4,12,1,3
liquid_0384,liquid,PYA_31082021_BM171_3,PC:1.5112g | EC:1.5076g | EMC:7.202000000000001g | LiPF6:1.2229g,50.0,-4.2984416800413445,0.0138843328345264,4,4,12,1,3
liquid_0385,liquid,PYA_31082021_BM171_3,PC:1.5112g | EC:1.5076g | EMC:7.202000000000001g | LiPF6:1.2229g,60.0,-4.099121495215245,0.0146851706090681,4,4,12,1,3
liquid_0386,liquid,PYA_31082021_BM171_4,PC:1.5112g | EC:1.5076g | EMC:7.202000000000001g | LiPF6:1.2229g,-30.0,-6.322961267110896,0.0015528339582373,4,4,12,1,3
liquid_0387,liquid,PYA_31082021_BM171_4,PC:1.5112g | EC:1.5076g | EMC:7.202000000000001g | LiPF6:1.2229g,-20.0,-5.98105330547687,0.0024938970640257,4,4,12,1,3
liquid_0388,liquid,PYA_31082021_BM171_4,PC:1.5112g | EC:1.5076g | EMC:7.202000000000001g | LiPF6:1.2229g,-10.0,-5.665131128500568,0.0035721755035278,4,4,12,1,3
liquid_0389,liquid,PYA_31082021_BM171_4,PC:1.5112g | EC:1.5076g | EMC:7.202000000000001g | LiPF6:1.2229g,0.0,-5.3723407235891605,0.0050035936285074,4,4,12,1,3
liquid_0390,liquid,PYA_31082021_BM171_4,PC:1.5112g | EC:1.5076g | EMC:7.202000000000001g | LiPF6:1.2229g,10.0,-5.100231258456064,0.0069238521560162,4,4,12,1,3
liquid_0391,liquid,PYA_31082021_BM171_4,PC:1.5112g | EC:1.5076g | EMC:7.202000000000001g | LiPF6:1.2229g,20.0,-4.846686314225787,0.0080801819496699,4,4,12,1,3
liquid_0392,liquid,PYA_31082021_BM171_4,PC:1.5112g | EC:1.5076g | EMC:7.202000000000001g | LiPF6:1.2229g,30.0,-4.609868729007899,0.0103545527544486,4,4,12,1,3
liquid_0393,liquid,PYA_31082021_BM171_4,PC:1.5112g | EC:1.5076g | EMC:7.202000000000001g | LiPF6:1.2229g,40.0,-4.38817600952323,0.0130276679682249,4,4,12,1,3
liquid_0394,liquid,PYA_31082021_BM171_4,PC:1.5112g | EC:1.5076g | EMC:7.202000000000001g | LiPF6:1.2229g,50.0,-4.180204021555483,0.0151785548520004,4,4,12,1,3
liquid_0395,liquid,PYA_31082021_BM171_4,PC:1.5112g | EC:1.5076g | EMC:7.202000000000001g | LiPF6:1.2229g,60.0,-3.984717219718173,0.0154893315097908,4,4,12,1,3
liquid_0396,liquid,PYA_31082021_BM171_6,PC:1.5112g | EC:1.5076g | EMC:7.202000000000001g | LiPF6:1.2229g,-30.0,-6.348696652394635,0.0014788140459434,4,4,12,1,3
liquid_0397,liquid,PYA_31082021_BM171_6,PC:1.5112g | EC:1.5076g | EMC:7.202000000000001g | LiPF6:1.2229g,-20.0,-6.007138341377852,0.0024420332517053,4,4,12,1,3
liquid_0398,liquid,PYA_31082021_BM171_6,PC:1.5112g | EC:1.5076g | EMC:7.202000000000001g | LiPF6:1.2229g,-10.0,-5.691539240774656,0.0036493944933013,4,4,12,1,3
liquid_0399,liquid,PYA_31082021_BM171_6,PC:1.5112g | EC:1.5076g | EMC:7.202000000000001g | LiPF6:1.2229g,0.0,-5.399048256635176,0.0048898037703007,4,4,12,1,3
liquid_0400,liquid,PYA_31082021_BM171_6,PC:1.5112g | EC:1.5076g | EMC:7.202000000000001g | LiPF6:1.2229g,10.0,-5.127217063005283,0.0061826842807332,4,4,12,1,3
liquid_0401,liquid,PYA_31082021_BM171_6,PC:1.5112g | EC:1.5076g | EMC:7.202000000000001g | LiPF6:1.2229g,20.0,-4.873931405355598,0.0076112422036021,4,4,12,1,3
liquid_0402,liquid,PYA_31082021_BM171_6,PC:1.5112g | EC:1.5076g | EMC:7.202000000000001g | LiPF6:1.2229g,30.0,-4.6373560005609145,0.0113890404618587,4,4,12,1,3
liquid_0403,liquid,PYA_31082021_BM171_6,PC:1.5112g | EC:1.5076g | EMC:7.202000000000001g | LiPF6:1.2229g,40.0,-4.415889994124504,0.014063275197273,4,4,12,1,3
liquid_0404,liquid,PYA_31082021_BM171_6,PC:1.5112g | EC:1.5076g | EMC:7.202000000000001g | LiPF6:1.2229g,50.0,-4.208130687761524,0.0122743137846076,4,4,12,1,3
liquid_0405,liquid,PYA_31082021_BM171_6,PC:1.5112g | EC:1.5076g | EMC:7.202000000000001g | LiPF6:1.2229g,60.0,-4.012843799610338,0.0157190044317364,4,4,12,1,3
liquid_0406,liquid,PYA_31082021_BM172_1,PC:1.5116g | EC:1.4976g | EMC:7.2021g | LiPF6:3.2525g,-30.0,-7.79007672693834,0.0003186163923973,4,4,12,1,3
liquid_0407,liquid,PYA_31082021_BM172_1,PC:1.5116g | EC:1.4976g | EMC:7.2021g | LiPF6:3.2525g,-20.0,-7.270077813369944,0.0007155734410665,4,4,12,1,3
liquid_0408,liquid,PYA_31082021_BM172_1,PC:1.5116g | EC:1.4976g | EMC:7.2021g | LiPF6:3.2525g,-10.0,-6.789600002865839,0.0012424706577846,4,4,12,1,3
liquid_0409,liquid,PYA_31082021_BM172_1,PC:1.5116g | EC:1.4976g | EMC:7.2021g | LiPF6:3.2525g,0.0,-6.344302702008749,0.0020152374228053,4,4,12,1,3
liquid_0410,liquid,PYA_31082021_BM172_1,PC:1.5116g | EC:1.4976g | EMC:7.2021g | LiPF6:3.2525g,10.0,-5.930458503807996,0.003038184824877,4,4,12,1,3
liquid_0411,liquid,PYA_31082021_BM172_1,PC:1.5116g | EC:1.4976g | EMC:7.2021g | LiPF6:3.2525g,20.0,-5.54484860191976,0.0039924514482579,4,4,12,1,3
liquid_0412,liquid,PYA_31082021_BM172_1,PC:1.5116g | EC:1.4976g | EMC:7.2021g | LiPF6:3.2525g,30.0,-5.184678904675316,0.0058153090354733,4,4,12,1,3
liquid_0413,liquid,PYA_31082021_BM172_1,PC:1.5116g | EC:1.4976g | EMC:7.2021g | LiPF6:3.2525g,40.0,-4.847512221784658,0.0082377251384373,4,4,12,1,3
liquid_0414,liquid,PYA_31082021_BM172_1,PC:1.5116g | EC:1.4976g | EMC:7.2021g | LiPF6:3.2525g,50.0,-4.531213042090084,0.0101488803290439,4,4,12,1,3
liquid_0415,liquid,PYA_31082021_BM172_1,PC:1.5116g | EC:1.4976g | EMC:7.2021g | LiPF6:3.2525g,60.0,-4.233902256794099,0.012052045314178,4,4,12,1,3
liquid_0416,liquid,PYA_31082021_BM172_2,PC:1.5116g | EC:1.4976g | EMC:7.2021g | LiPF6:3.2525g,-30.0,-7.750459781463306,0.0003179925965683,4,4,12,1,3
liquid_0417,liquid,PYA_31082021_BM172_2,PC:1.5116g | EC:1.4976g | EMC:7.2021g | LiPF6:3.2525g,-20.0,-7.24496003633862,0.0007142893831121,4,4,12,1,3
liquid_0418,liquid,PYA_31082021_BM172_2,PC:1.5116g | EC:1.4976g | EMC:7.2021g | LiPF6:3.2525g,-10.0,-6.777879424417407,0.0013073048908579,4,4,12,1,3
liquid_0419,liquid,PYA_31082021_BM172_2,PC:1.5116g | EC:1.4976g | EMC:7.2021g | LiPF6:3.2525g,0.0,-6.344998381371989,0.0021652218479231,4,4,12,1,3
liquid_0420,liquid,PYA_31082021_BM172_2,PC:1.5116g | EC:1.4976g | EMC:7.2021g | LiPF6:3.2525g,10.0,-5.942693431778483,0.0028121231563583,4,4,12,1,3
liquid_0421,liquid,PYA_31082021_BM172_2,PC:1.5116g | EC:1.4976g | EMC:7.2021g | LiPF6:3.2525g,20.0,-5.567835519510135,0.0042937871319586,4,4,12,1,3
liquid_0422,liquid,PYA_31082021_BM172_2,PC:1.5116g | EC:1.4976g | EMC:7.2021g | LiPF6:3.2525g,30.0,-5.2177084607643565,0.0058064431872797,4,4,12,1,3
liquid_0423,liquid,PYA_31082021_BM172_2,PC:1.5116g | EC:1.4976g | EMC:7.2021g | LiPF6:3.2525g,40.0,-4.889943021609557,0.0071646372726065,4,4,12,1,3
liquid_0424,liquid,PYA_31082021_BM172_2,PC:1.5116g | EC:1.4976g | EMC:7.2021g | LiPF6:3.2525g,50.0,-4.582463235504726,0.0093577716598877,4,4,12,1,3
liquid_0425,liquid,PYA_31082021_BM172_2,PC:1.5116g | EC:1.4976g | EMC:7.2021g | LiPF6:3.2525g,60.0,-4.293442388982951,0.0116049433744734,4,4,12,1,3
liquid_0426,liquid,PYA_31082021_BM172_3,PC:1.5116g | EC:1.4976g | EMC:7.2021g | LiPF6:3.2525g,-30.0,-7.708745848362185,0.0003257123317488,4,4,12,1,3
liquid_0427,liquid,PYA_31082021_BM172_3,PC:1.5116g | EC:1.4976g | EMC:7.2021g | LiPF6:3.2525g,-20.0,-7.203244050026032,0.0007439635122844,4,4,12,1,3
liquid_0428,liquid,PYA_31082021_BM172_3,PC:1.5116g | EC:1.4976g | EMC:7.2021g | LiPF6:3.2525g,-10.0,-6.736161540942102,0.0014187705004223,4,4,12,1,3
liquid_0429,liquid,PYA_31082021_BM172_3,PC:1.5116g | EC:1.4976g | EMC:7.2021g | LiPF6:3.2525g,0.0,-6.3032787396439245,0.0021750622995841,4,4,12,1,3
liquid_0430,liquid,PYA_31082021_BM172_3,PC:1.5116g | EC:1.4976g | EMC:7.2021g | LiPF6:3.2525g,10.0,-5.900972155989979,0.0031704404122808,4,4,12,1,3
liquid_0431,liquid,PYA_31082021_BM172_3,PC:1.5116g | EC:1.4976g | EMC:7.2021g | LiPF6:3.2525g,20.0,-5.526112721144078,0.0041357963907782,4,4,12,1,3
liquid_0432,liquid,PYA_31082021_BM172_3,PC:1.5116g | EC:1.4976g | EMC:7.2021g | LiPF6:3.2525g,30.0,-5.175984240271188,0.0058118349894297,4,4,12,1,3
liquid_0433,liquid,PYA_31082021_BM172_3,PC:1.5116g | EC:1.4976g | EMC:7.2021g | LiPF6:3.2525g,40.0,-4.848217469816494,0.0079442359397042,4,4,12,1,3
liquid_0434,liquid,PYA_31082021_BM172_3,PC:1.5116g | EC:1.4976g | EMC:7.2021g | LiPF6:3.2525g,50.0,-4.54073643480693,0.0102359295370406,4,4,12,1,3
liquid_0435,liquid,PYA_31082021_BM172_3,PC:1.5116g | EC:1.4976g | EMC:7.2021g | LiPF6:3.2525g,60.0,-4.251714414355946,0.0114873195146298,4,4,12,1,3
liquid_0436,liquid,PYA_31082021_BM172_4,PC:1.5116g | EC:1.4976g | EMC:7.2021g | LiPF6:3.2525g,-30.0,-7.744154260236579,0.000333403402614,4,4,12,1,3
liquid_0437,liquid,PYA_31082021_BM172_4,PC:1.5116g | EC:1.4976g | EMC:7.2021g | LiPF6:3.2525g,-20.0,-7.229988796586801,0.000762155827793,4,4,12,1,3
liquid_0438,liquid,PYA_31082021_BM172_4,PC:1.5116g | EC:1.4976g | EMC:7.2021g | LiPF6:3.2525g,-10.0,-6.7549010805068335,0.0013172996267422,4,4,12,1,3
liquid_0439,liquid,PYA_31082021_BM172_4,PC:1.5116g | EC:1.4976g | EMC:7.2021g | LiPF6:3.2525g,0.0,-6.314599212208666,0.0020381738966786,4,4,12,1,3
liquid_0440,liquid,PYA_31082021_BM172_4,PC:1.5116g | EC:1.4976g | EMC:7.2021g | LiPF6:3.2525g,10.0,-5.905397599485156,0.002984776115372,4,4,12,1,3
liquid_0441,liquid,PYA_31082021_BM172_4,PC:1.5116g | EC:1.4976g | EMC:7.2021g | LiPF6:3.2525g,20.0,-5.524113545194085,0.0042651690423685,4,4,12,1,3
liquid_0442,liquid,PYA_31082021_BM172_4,PC:1.5116g | EC:1.4976g | EMC:7.2021g | LiPF6:3.2525g,30.0,-5.167984302335711,0.0059140920447189,4,4,12,1,3
liquid_0443,liquid,PYA_31082021_BM172_4,PC:1.5116g | EC:1.4976g | EMC:7.2021g | LiPF6:3.2525g,40.0,-4.834600021499265,0.0073688096561941,4,4,12,1,3
liquid_0444,liquid,PYA_31082021_BM172_4,PC:1.5116g | EC:1.4976g | EMC:7.2021g | LiPF6:3.2525g,50.0,-4.521849148110535,0.0102299643225413,4,4,12,1,3
liquid_0445,liquid,PYA_31082021_BM172_4,PC:1.5116g | EC:1.4976g | EMC:7.2021g | LiPF6:3.2525g,60.0,-4.227873653583503,0.0133369388431694,4,4,12,1,3
liquid_0446,liquid,PYA_31082021_BM172_7,PC:1.5116g | EC:1.4976g | EMC:7.2021g | LiPF6:3.2525g,-30.0,-7.653839930782331,0.0003508178261311,4,4,12,1,3
liquid_0447,liquid,PYA_31082021_BM172_7,PC:1.5116g | EC:1.4976g | EMC:7.2021g | LiPF6:3.2525g,-20.0,-7.155647993405369,0.0007685232085161,4,4,12,1,3
liquid_0448,liquid,PYA_31082021_BM172_7,PC:1.5116g | EC:1.4976g | EMC:7.2021g | LiPF6:3.2525g,-10.0,-6.695319779180748,0.0013829040702779,4,4,12,1,3
liquid_0449,liquid,PYA_31082021_BM172_7,PC:1.5116g | EC:1.4976g | EMC:7.2021g | LiPF6:3.2525g,0.0,-6.2686967243355625,0.0021634887115424,4,4,12,1,3
liquid_0450,liquid,PYA_31082021_BM172_7,PC:1.5116g | EC:1.4976g | EMC:7.2021g | LiPF6:3.2525g,10.0,-5.872207736581684,0.0032636711318696,4,4,12,1,3
liquid_0451,liquid,PYA_31082021_BM172_7,PC:1.5116g | EC:1.4976g | EMC:7.2021g | LiPF6:3.2525g,20.0,-5.502768995305983,0.0046266867263552,4,4,12,1,3
liquid_0452,liquid,PYA_31082021_BM172_7,PC:1.5116g | EC:1.4976g | EMC:7.2021g | LiPF6:3.2525g,30.0,-5.157703583489342,0.0067295145010545,4,4,12,1,3
liquid_0453,liquid,PYA_31082021_BM172_7,PC:1.5116g | EC:1.4976g | EMC:7.2021g | LiPF6:3.2525g,40.0,-4.834676518268047,0.0081937662324119,4,4,12,1,3
liquid_0454,liquid,PYA_31082021_BM172_7,PC:1.5116g | EC:1.4976g | EMC:7.2021g | LiPF6:3.2525g,50.0,-4.531641844519523,0.0097120449466608,4,4,12,1,3
liquid_0455,liquid,PYA_31082021_BM172_7,PC:1.5116g | EC:1.4976g | EMC:7.2021g | LiPF6:3.2525g,60.0,-4.246799256843252,0.010752929260951,4,4,12,1,3
liquid_0456,liquid,PYA_31082021_BM172_8,PC:1.5116g | EC:1.4976g | EMC:7.2021g | LiPF6:3.2525g,-30.0,-7.82017868474412,0.0003172584081243,4,4,12,1,3
liquid_0457,liquid,PYA_31082021_BM172_8,PC:1.5116g | EC:1.4976g | EMC:7.2021g | LiPF6:3.2525g,-20.0,-7.311519436409791,0.0006648298230932,4,4,12,1,3
liquid_0458,liquid,PYA_31082021_BM172_8,PC:1.5116g | EC:1.4976g | EMC:7.2021g | LiPF6:3.2525g,-10.0,-6.841519450726749,0.0011863003205998,4,4,12,1,3
liquid_0459,liquid,PYA_31082021_BM172_8,PC:1.5116g | EC:1.4976g | EMC:7.2021g | LiPF6:3.2525g,0.0,-6.40593279000677,0.0019062153664253,4,4,12,1,3
liquid_0460,liquid,PYA_31082021_BM172_8,PC:1.5116g | EC:1.4976g | EMC:7.2021g | LiPF6:3.2525g,10.0,-6.001113331174129,0.0028573588197348,4,4,12,1,3
liquid_0461,liquid,PYA_31082021_BM172_8,PC:1.5116g | EC:1.4976g | EMC:7.2021g | LiPF6:3.2525g,20.0,-5.6239124606978,0.0036354623000908,4,4,12,1,3
liquid_0462,liquid,PYA_31082021_BM172_8,PC:1.5116g | EC:1.4976g | EMC:7.2021g | LiPF6:3.2525g,30.0,-5.271597017928966,0.0053981226879692,4,4,12,1,3
liquid_0463,liquid,PYA_31082021_BM172_8,PC:1.5116g | EC:1.4976g | EMC:7.2021g | LiPF6:3.2525g,40.0,-4.941782960615586,0.0067996161467905,4,4,12,1,3
liquid_0464,liquid,PYA_31082021_BM172_8,PC:1.5116g | EC:1.4976g | EMC:7.2021g | LiPF6:3.2525g,50.0,-4.632381346892701,0.0101424975796045,4,4,12,1,3
liquid_0465,liquid,PYA_31082021_BM172_8,PC:1.5116g | EC:1.4976g | EMC:7.2021g | LiPF6:3.2525g,60.0,-4.341554045865171,0.0106555315786549,4,4,12,1,3
liquid_0466,liquid,PYA_31082021_BM173_1,PC:2.998g | EMC:7.2006g | LiPF6:0.3009g,-30.0,-6.67418225972464,0.0011297213025345,3,3,6,1,2
liquid_0467,liquid,PYA_31082021_BM173_1,PC:2.998g | EMC:7.2006g | LiPF6:0.3009g,-20.0,-6.466699198143758,0.0015036689736092,3,3,6,1,2
liquid_0468,liquid,PYA_31082021_BM173_1,PC:2.998g | EMC:7.2006g | LiPF6:0.3009g,-10.0,-6.274985322318594,0.0020477070735613,3,3,6,1,2
liquid_0469,liquid,PYA_31082021_BM173_1,PC:2.998g | EMC:7.2006g | LiPF6:0.3009g,0.0,-6.0973087063012406,0.002384248855372,3,3,6,1,2
liquid_0470,liquid,PYA_31082021_BM173_1,PC:2.998g | EMC:7.2006g | LiPF6:0.3009g,10.0,-5.932182089649408,0.0028205300275777,3,3,6,1,2
liquid_0471,liquid,PYA_31082021_BM173_1,PC:2.998g | EMC:7.2006g | LiPF6:0.3009g,20.0,-5.778321146997358,0.0031536835430601,3,3,6,1,2
liquid_0472,liquid,PYA_31082021_BM173_1,PC:2.998g | EMC:7.2006g | LiPF6:0.3009g,30.0,-5.634611016989351,0.0036606775040434,3,3,6,1,2
liquid_0473,liquid,PYA_31082021_BM173_1,PC:2.998g | EMC:7.2006g | LiPF6:0.3009g,40.0,-5.500079244318593,0.0041939063665861,3,3,6,1,2
liquid_0474,liquid,PYA_31082021_BM173_1,PC:2.998g | EMC:7.2006g | LiPF6:0.3009g,50.0,-5.373873745679757,0.0045015461333203,3,3,6,1,2
liquid_0475,liquid,PYA_31082021_BM173_1,PC:2.998g | EMC:7.2006g | LiPF6:0.3009g,60.0,-5.255244744032596,0.0047274394311508,3,3,6,1,2
liquid_0476,liquid,PYA_31082021_BM173_2,PC:2.998g | EMC:7.2006g | LiPF6:0.3009g,-30.0,-6.882854341910837,0.0011055176412766,3,3,6,1,2
liquid_0477,liquid,PYA_31082021_BM173_2,PC:2.998g | EMC:7.2006g | LiPF6:0.3009g,-20.0,-6.69865101329903,0.001484470142372,3,3,6,1,2
liquid_0478,liquid,PYA_31082021_BM173_2,PC:2.998g | EMC:7.2006g | LiPF6:0.3009g,-10.0,-6.52844755765791,0.0018743532854752,3,3,6,1,2
liquid_0479,liquid,PYA_31082021_BM173_2,PC:2.998g | EMC:7.2006g | LiPF6:0.3009g,0.0,-6.370706372244952,0.0022799702024728,3,3,6,1,2
liquid_0480,liquid,PYA_31082021_BM173_2,PC:2.998g | EMC:7.2006g | LiPF6:0.3009g,10.0,-6.224107068196144,0.0027321681944236,3,3,6,1,2
liquid_0481,liquid,PYA_31082021_BM173_2,PC:2.998g | EMC:7.2006g | LiPF6:0.3009g,20.0,-6.087509422277904,0.000185973534552,3,3,6,1,2
liquid_0482,liquid,PYA_31082021_BM173_2,PC:2.998g | EMC:7.2006g | LiPF6:0.3009g,30.0,-5.959923661295719,0.0037009837305823,3,3,6,1,2
liquid_0483,liquid,PYA_31082021_BM173_2,PC:2.998g | EMC:7.2006g | LiPF6:0.3009g,40.0,-5.840486440053732,0.0041694244944786,3,3,6,1,2
liquid_0484,liquid,PYA_31082021_BM173_2,PC:2.998g | EMC:7.2006g | LiPF6:0.3009g,50.0,-5.728441279541563,0.0044913593742118,3,3,6,1,2
liquid_0485,liquid,PYA_31082021_BM173_2,PC:2.998g | EMC:7.2006g | LiPF6:0.3009g,60.0,-5.623122528185158,0.0050734891617859,3,3,6,1,2
liquid_0486,liquid,PYA_31082021_BM173_4,PC:2.998g | EMC:7.2006g | LiPF6:0.3009g,-30.0,-6.800847764749093,0.0010519231260099,3,3,6,1,2
liquid_0487,liquid,PYA_31082021_BM173_4,PC:2.998g | EMC:7.2006g | LiPF6:0.3009g,-20.0,-6.566549007503586,0.0014101426955132,3,3,6,1,2
liquid_0488,liquid,PYA_31082021_BM173_4,PC:2.998g | EMC:7.2006g | LiPF6:0.3009g,-10.0,-6.350057490025932,0.0018083658792701,3,3,6,1,2
liquid_0489,liquid,PYA_31082021_BM173_4,PC:2.998g | EMC:7.2006g | LiPF6:0.3009g,0.0,-6.149417447377319,0.0021923353559506,3,3,6,1,2
liquid_0490,liquid,PYA_31082021_BM173_4,PC:2.998g | EMC:7.2006g | LiPF6:0.3009g,10.0,-5.962949401384092,0.0026114904408273,3,3,6,1,2
liquid_0491,liquid,PYA_31082021_BM173_4,PC:2.998g | EMC:7.2006g | LiPF6:0.3009g,20.0,-5.789203036850406,0.0029540089610515,3,3,6,1,2
liquid_0492,liquid,PYA_31082021_BM173_4,PC:2.998g | EMC:7.2006g | LiPF6:0.3009g,30.0,-5.626919404596693,0.0034955260542919,3,3,6,1,2
liquid_0493,liquid,PYA_31082021_BM173_4,PC:2.998g | EMC:7.2006g | LiPF6:0.3009g,40.0,-5.475000366451472,0.0051116064806019,3,3,6,1,2
liquid_0494,liquid,PYA_31082021_BM173_4,PC:2.998g | EMC:7.2006g | LiPF6:0.3009g,50.0,-5.332483713461456,0.0044329917587468,3,3,6,1,2
liquid_0495,liquid,PYA_31082021_BM173_4,PC:2.998g | EMC:7.2006g | LiPF6:0.3009g,60.0,-5.19852276528849,0.0051486979542396,3,3,6,1,2
liquid_0496,liquid,PYA_31082021_BM173_7,PC:2.998g | EMC:7.2006g | LiPF6:0.3009g,-30.0,-6.744918966162298,0.0011260760473639,3,3,6,1,2
liquid_0497,liquid,PYA_31082021_BM173_7,PC:2.998g | EMC:7.2006g | LiPF6:0.3009g,-20.0,-6.536396706260825,0.0014853207689106,3,3,6,1,2
liquid_0498,liquid,PYA_31082021_BM173_7,PC:2.998g | EMC:7.2006g | LiPF6:0.3009g,-10.0,-6.343722613556878,0.0017677232997648,3,3,6,1,2
liquid_0499,liquid,PYA_31082021_BM173_7,PC:2.998g | EMC:7.2006g | LiPF6:0.3009g,0.0,-6.165156087589446,0.0020294299241796,3,3,6,1,2
