"phase","experiment_id","formulation","temperature_c","pc_g","ec_g","emc_g","lipf6_g","ionic_conductivity_s_cm","ln_ionic_conductivity"
"liquid","PYA_25082021_BM169_1","PC:1.509g | EC:1.506g | EMC:7.2024g | LiPF6:0.3006g","-20.0","1.509","1.506","7.2024","0.3006","0.0014852099821455","-6.469287463571516"
"liquid","PYA_25082021_BM169_1","PC:1.509g | EC:1.506g | EMC:7.2024g | LiPF6:0.3006g","-10.0","1.509","1.506","7.2024","0.3006","0.0019055135828885","-6.272468671353089"
"liquid","PYA_25082021_BM169_1","PC:1.509g | EC:1.506g | EMC:7.2024g | LiPF6:0.3006g","0.0","1.509","1.506","7.2024","0.3006","0.0022868628340092","-6.090060920117156"
"liquid","PYA_25082021_BM169_1","PC:1.509g | EC:1.506g | EMC:7.2024g | LiPF6:0.3006g","10.0","1.509","1.506","7.2024","0.3006","0.0027378592992043","-5.92053734696605"
"liquid","PYA_25082021_BM169_1","PC:1.509g | EC:1.506g | EMC:7.2024g | LiPF6:0.3006g","20.0","1.509","1.506","7.2024","0.3006","0.0033366223884645","-5.7625794277908"
"liquid","PYA_25082021_BM169_1","PC:1.509g | EC:1.506g | EMC:7.2024g | LiPF6:0.3006g","30.0","1.509","1.506","7.2024","0.3006","0.0036077275283242","-5.615042614944117"
"liquid","PYA_25082021_BM169_1","PC:1.509g | EC:1.506g | EMC:7.2024g | LiPF6:0.3006g","40.0","1.509","1.506","7.2024","0.3006","0.0040803898079443","-5.476928558785709"
"liquid","PYA_25082021_BM169_1","PC:1.509g | EC:1.506g | EMC:7.2024g | LiPF6:0.3006g","50.0","1.509","1.506","7.2024","0.3006","0.0047306865604854","-5.347362486916853"
"liquid","PYA_25082021_BM169_1","PC:1.509g | EC:1.506g | EMC:7.2024g | LiPF6:0.3006g","60.0","1.509","1.506","7.2024","0.3006","0.0052962041860472","-5.225574657393418"
"liquid","PYA_25082021_BM169_2","PC:1.509g | EC:1.506g | EMC:7.2024g | LiPF6:0.3006g","-20.0","1.509","1.506","7.2024","0.3006","0.0012132595557564","-6.675633941015805"
"liquid","PYA_25082021_BM169_2","PC:1.509g | EC:1.506g | EMC:7.2024g | LiPF6:0.3006g","-10.0","1.509","1.506","7.2024","0.3006","0.0015060518279517","-6.455265068187161"
"liquid","PYA_25082021_BM169_2","PC:1.509g | EC:1.506g | EMC:7.2024g | LiPF6:0.3006g","0.0","1.509","1.506","7.2024","0.3006","0.0018371346640892","-6.251031569535975"
"liquid","PYA_25082021_BM169_2","PC:1.509g | EC:1.506g | EMC:7.2024g | LiPF6:0.3006g","10.0","1.509","1.506","7.2024","0.3006","0.0023300859951325","-6.061223887494444"
"liquid","PYA_25082021_BM169_2","PC:1.509g | EC:1.506g | EMC:7.2024g | LiPF6:0.3006g","20.0","1.509","1.506","7.2024","0.3006","0.0029251931316392","-5.884365731773332"
"liquid","PYA_25082021_BM169_2","PC:1.509g | EC:1.506g | EMC:7.2024g | LiPF6:0.3006g","30.0","1.509","1.506","7.2024","0.3006","0.0040474894889641","-5.719175605458197"
"liquid","PYA_25082021_BM169_2","PC:1.509g | EC:1.506g | EMC:7.2024g | LiPF6:0.3006g","40.0","1.509","1.506","7.2024","0.3006","0.0046408739165803","-5.564535702762104"
"liquid","PYA_25082021_BM169_2","PC:1.509g | EC:1.506g | EMC:7.2024g | LiPF6:0.3006g","50.0","1.509","1.506","7.2024","0.3006","0.0037293692491891","-5.419466581603754"
"liquid","PYA_25082021_BM169_2","PC:1.509g | EC:1.506g | EMC:7.2024g | LiPF6:0.3006g","60.0","1.509","1.506","7.2024","0.3006","0.0043775074461296","-5.283106397630357"
"liquid","PYA_25082021_BM169_4","PC:1.509g | EC:1.506g | EMC:7.2024g | LiPF6:0.3006g","-20.0","1.509","1.506","7.2024","0.3006","0.0014605667574963","-6.528524497422328"
"liquid","PYA_25082021_BM169_4","PC:1.509g | EC:1.506g | EMC:7.2024g | LiPF6:0.3006g","-10.0","1.509","1.506","7.2024","0.3006","0.0018653142221669","-6.303755362378011"
"liquid","PYA_25082021_BM169_4","PC:1.509g | EC:1.506g | EMC:7.2024g | LiPF6:0.3006g","0.0","1.509","1.506","7.2024","0.3006","0.0022761884116942","-6.095443788017883"
"liquid","PYA_25082021_BM169_4","PC:1.509g | EC:1.506g | EMC:7.2024g | LiPF6:0.3006g","10.0","1.509","1.506","7.2024","0.3006","0.002728187027006","-5.901846080820754"
"liquid","PYA_25082021_BM169_4","PC:1.509g | EC:1.506g | EMC:7.2024g | LiPF6:0.3006g","20.0","1.509","1.506","7.2024","0.3006","0.0033412672423297","-5.721456472357864"
"liquid","PYA_25082021_BM169_4","PC:1.509g | EC:1.506g | EMC:7.2024g | LiPF6:0.3006g","30.0","1.509","1.506","7.2024","0.3006","0.003764620915026","-5.552967877153288"
"liquid","PYA_25082021_BM169_4","PC:1.509g | EC:1.506g | EMC:7.2024g | LiPF6:0.3006g","40.0","1.509","1.506","7.2024","0.3006","0.004264378262326","-5.3952401693959136"
"liquid","PYA_25082021_BM169_4","PC:1.509g | EC:1.506g | EMC:7.2024g | LiPF6:0.3006g","50.0","1.509","1.506","7.2024","0.3006","0.0048135001610853","-5.247274349786916"
"liquid","PYA_25082021_BM169_4","PC:1.509g | EC:1.506g | EMC:7.2024g | LiPF6:0.3006g","60.0","1.509","1.506","7.2024","0.3006","0.0069101107765376","-5.108191364913562"
"liquid","PYA_25082021_BM169_6","PC:1.509g | EC:1.506g | EMC:7.2024g | LiPF6:0.3006g","-20.0","1.509","1.506","7.2024","0.3006","0.0014733478861792","-6.469998154766992"
"liquid","PYA_25082021_BM169_6","PC:1.509g | EC:1.506g | EMC:7.2024g | LiPF6:0.3006g","-10.0","1.509","1.506","7.2024","0.3006","0.0018653315531688","-6.276046686060428"
"liquid","PYA_25082021_BM169_6","PC:1.509g | EC:1.506g | EMC:7.2024g | LiPF6:0.3006g","0.0","1.509","1.506","7.2024","0.3006","0.0022834478522175","-6.0962963133602015"
"liquid","PYA_25082021_BM169_6","PC:1.509g | EC:1.506g | EMC:7.2024g | LiPF6:0.3006g","10.0","1.509","1.506","7.2024","0.3006","0.0027818268214982","-5.929242417629796"
"liquid","PYA_25082021_BM169_6","PC:1.509g | EC:1.506g | EMC:7.2024g | LiPF6:0.3006g","20.0","1.509","1.506","7.2024","0.3006","0.0031892714485244","-5.7735856834706265"
"liquid","PYA_25082021_BM169_6","PC:1.509g | EC:1.506g | EMC:7.2024g | LiPF6:0.3006g","30.0","1.509","1.506","7.2024","0.3006","0.0037867985476546","-5.62819823739717"
"liquid","PYA_25082021_BM169_6","PC:1.509g | EC:1.506g | EMC:7.2024g | LiPF6:0.3006g","40.0","1.509","1.506","7.2024","0.3006","0.0040636725658801","-5.492096274068304"
"liquid","PYA_25082021_BM169_6","PC:1.509g | EC:1.506g | EMC:7.2024g | LiPF6:0.3006g","50.0","1.509","1.506","7.2024","0.3006","0.0045752646780965","-5.3644177650689375"
"liquid","PYA_25082021_BM169_6","PC:1.509g | EC:1.506g | EMC:7.2024g | LiPF6:0.3006g","60.0","1.509","1.506","7.2024","0.3006","0.0050615673853922","-5.244404182318969"
"liquid","PYA_30032021_BM048_1","PC:3.0105g | EMC:7.2121g | LiPF6:0.9547g","-30.0","3.0105","0.0","7.2121","0.9547","0.00174738653787","-6.28381680217727"
"liquid","PYA_30032021_BM048_1","PC:3.0105g | EMC:7.2121g | LiPF6:0.9547g","-20.0","3.0105","0.0","7.2121","0.9547","0.002458383858293","-6.018630756940258"
"liquid","PYA_30032021_BM048_1","PC:3.0105g | EMC:7.2121g | LiPF6:0.9547g","-10.0","3.0105","0.0","7.2121","0.9547","0.0031773642843836","-5.773599455783581"
"liquid","PYA_30032021_BM048_1","PC:3.0105g | EMC:7.2121g | LiPF6:0.9547g","0.0","3.0105","0.0","7.2121","0.9547","0.0039443043359942","-5.546509307924116"
"liquid","PYA_30032021_BM048_1","PC:3.0105g | EMC:7.2121g | LiPF6:0.9547g","10.0","3.0105","0.0","7.2121","0.9547","0.0050033550718062","-5.335459431854124"
"liquid","PYA_30032021_BM048_1","PC:3.0105g | EMC:7.2121g | LiPF6:0.9547g","20.0","3.0105","0.0","7.2121","0.9547","0.0060810081624649","-5.138808319288822"
"liquid","PYA_30032021_BM048_1","PC:3.0105g | EMC:7.2121g | LiPF6:0.9547g","30.0","3.0105","0.0","7.2121","0.9547","0.0071534131791708","-4.95513105548257"
"liquid","PYA_30032021_BM048_1","PC:3.0105g | EMC:7.2121g | LiPF6:0.9547g","40.0","3.0105","0.0","7.2121","0.9547","0.008261436496666","-4.783184736195318"
"liquid","PYA_30032021_BM048_1","PC:3.0105g | EMC:7.2121g | LiPF6:0.9547g","50.0","3.0105","0.0","7.2121","0.9547","0.0100146966264525","-4.621880305770036"
"liquid","PYA_30032021_BM048_1","PC:3.0105g | EMC:7.2121g | LiPF6:0.9547g","60.0","3.0105","0.0","7.2121","0.9547","0.0106525802623583","-4.470259467145761"
"liquid","PYA_30032021_BM048_2","PC:3.0105g | EMC:7.2121g | LiPF6:0.9547g","-30.0","3.0105","0.0","7.2121","0.9547","0.0018346685815591","-6.239614845554763"
"liquid","PYA_30032021_BM048_2","PC:3.0105g | EMC:7.2121g | LiPF6:0.9547g","-20.0","3.0105","0.0","7.2121","0.9547","0.0025266577354261","-5.977395159855315"
"liquid","PYA_30032021_BM048_2","PC:3.0105g | EMC:7.2121g | LiPF6:0.9547g","-10.0","3.0105","0.0","7.2121","0.9547","0.0033437423738395","-5.735104768147846"
"liquid","PYA_30032021_BM048_2","PC:3.0105g | EMC:7.2121g | LiPF6:0.9547g","0.0","3.0105","0.0","7.2121","0.9547","0.0041907780559974","-5.510554840779199"
"liquid","PYA_30032021_BM048_2","PC:3.0105g | EMC:7.2121g | LiPF6:0.9547g","10.0","3.0105","0.0","7.2121","0.9547","0.0052790460170282","-5.301865759419286"
"liquid","PYA_30032021_BM048_2","PC:3.0105g | EMC:7.2121g | LiPF6:0.9547g","20.0","3.0105","0.0","7.2121","0.9547","0.0059848845326685","-5.107414377623413"
"liquid","PYA_30032021_BM048_2","PC:3.0105g | EMC:7.2121g | LiPF6:0.9547g","30.0","3.0105","0.0","7.2121","0.9547","0.0068221806962431","-4.925791719680146"
"liquid","PYA_30032021_BM048_2","PC:3.0105g | EMC:7.2121g | LiPF6:0.9547g","40.0","3.0105","0.0","7.2121","0.9547","0.0089815599786084","-4.755768784422061"
"liquid","PYA_30032021_BM048_2","PC:3.0105g | EMC:7.2121g | LiPF6:0.9547g","50.0","3.0105","0.0","7.2121","0.9547","0.0105665346960588","-4.596268698321217"
"liquid","PYA_30032021_BM048_2","PC:3.0105g | EMC:7.2121g | LiPF6:0.9547g","60.0","3.0105","0.0","7.2121","0.9547","0.0108229031676973","-4.446343883785784"
"liquid","PYA_30032021_BM048_3","PC:3.0105g | EMC:7.2121g | LiPF6:0.9547g","-30.0","3.0105","0.0","7.2121","0.9547","0.0021762253119546","-5.9843761964075055"
"liquid","PYA_30032021_BM048_3","PC:3.0105g | EMC:7.2121g | LiPF6:0.9547g","-20.0","3.0105","0.0","7.2121","0.9547","0.0033420025411872","-5.703227183565403"
"liquid","PYA_30032021_BM048_3","PC:3.0105g | EMC:7.2121g | LiPF6:0.9547g","-10.0","3.0105","0.0","7.2121","0.9547","0.0041882797866193","-5.44344613673828"
"liquid","PYA_30032021_BM048_3","PC:3.0105g | EMC:7.2121g | LiPF6:0.9547g","0.0","3.0105","0.0","7.2121","0.9547","0.0064445554400936","-5.202686217264414"
"liquid","PYA_30032021_BM048_3","PC:3.0105g | EMC:7.2121g | LiPF6:0.9547g","10.0","3.0105","0.0","7.2121","0.9547","0.0077945980394411","-4.97893211940269"
"liquid","PYA_30032021_BM048_3","PC:3.0105g | EMC:7.2121g | LiPF6:0.9547g","20.0","3.0105","0.0","7.2121","0.9547","0.0082026632355431","-4.770443523697657"
"liquid","PYA_30032021_BM048_3","PC:3.0105g | EMC:7.2121g | LiPF6:0.9547g","30.0","3.0105","0.0","7.2121","0.9547","0.0113831357752284","-4.575709742157562"
"liquid","PYA_30032021_BM048_3","PC:3.0105g | EMC:7.2121g | LiPF6:0.9547g","40.0","3.0105","0.0","7.2121","0.9547","0.0127805597192958","-4.393413053482872"
"liquid","PYA_30032021_BM048_3","PC:3.0105g | EMC:7.2121g | LiPF6:0.9547g","50.0","3.0105","0.0","7.2121","0.9547","0.0135343296254978","-4.22239884592684"
"liquid","PYA_30032021_BM048_3","PC:3.0105g | EMC:7.2121g | LiPF6:0.9547g","60.0","3.0105","0.0","7.2121","0.9547","0.0151561049963329","-4.061651137398633"
"liquid","PYA_30032021_BM048_4","PC:3.0105g | EMC:7.2121g | LiPF6:0.9547g","-30.0","3.0105","0.0","7.2121","0.9547","0.0018107208805021","-6.250644702553562"
"liquid","PYA_30032021_BM048_4","PC:3.0105g | EMC:7.2121g | LiPF6:0.9547g","-20.0","3.0105","0.0","7.2121","0.9547","0.0026012615529635","-5.995671437511178"
"liquid","PYA_30032021_BM048_4","PC:3.0105g | EMC:7.2121g | LiPF6:0.9547g","-10.0","3.0105","0.0","7.2121","0.9547","0.0029013475440638","-5.7600767219685"
"liquid","PYA_30032021_BM048_4","PC:3.0105g | EMC:7.2121g | LiPF6:0.9547g","0.0","3.0105","0.0","7.2121","0.9547","0.0041441790365485","-5.541732214409908"
"liquid","PYA_30032021_BM048_4","PC:3.0105g | EMC:7.2121g | LiPF6:0.9547g","10.0","3.0105","0.0","7.2121","0.9547","0.0050346800288102","-5.338810239611946"
"liquid","PYA_30032021_BM048_4","PC:3.0105g | EMC:7.2121g | LiPF6:0.9547g","20.0","3.0105","0.0","7.2121","0.9547","0.0061273763078495","-5.149732506655904"
"liquid","PYA_30032021_BM048_4","PC:3.0105g | EMC:7.2121g | LiPF6:0.9547g","30.0","3.0105","0.0","7.2121","0.9547","0.0071037070976783","-4.973128976764751"
"liquid","PYA_30032021_BM048_4","PC:3.0105g | EMC:7.2121g | LiPF6:0.9547g","40.0","3.0105","0.0","7.2121","0.9547","0.0082946915747437","-4.807804612122912"
"liquid","PYA_30032021_BM048_4","PC:3.0105g | EMC:7.2121g | LiPF6:0.9547g","50.0","3.0105","0.0","7.2121","0.9547","0.0095008513427403","-4.652712298518788"
"liquid","PYA_30032021_BM048_4","PC:3.0105g | EMC:7.2121g | LiPF6:0.9547g","60.0","3.0105","0.0","7.2121","0.9547","0.0100440085848546","-4.506930644593733"
"liquid","PYA_30032021_BM057_1","PC:2.7017g | EC:0.345g | EMC:7.209g | LiPF6:2.403g","-30.0","2.7017","0.345","7.209","2.403","0.0008480054190899","-6.894456097894467"
"liquid","PYA_30032021_BM057_1","PC:2.7017g | EC:0.345g | EMC:7.209g | LiPF6:2.403g","-20.0","2.7017","0.345","7.209","2.403","0.0014601983106433","-6.508007140735926"
"liquid","PYA_30032021_BM057_1","PC:2.7017g | EC:0.345g | EMC:7.209g | LiPF6:2.403g","-10.0","2.7017","0.345","7.209","2.403","0.0023124266149597","-6.150929185451491"
"liquid","PYA_30032021_BM057_1","PC:2.7017g | EC:0.345g | EMC:7.209g | LiPF6:2.403g","0.0","2.7017","0.345","7.209","2.403","0.0031677772767151","-5.819996421840821"
"liquid","PYA_30032021_BM057_1","PC:2.7017g | EC:0.345g | EMC:7.209g | LiPF6:2.403g","10.0","2.7017","0.345","7.209","2.403","0.0043823470120029","-5.512438743069329"
"liquid","PYA_30032021_BM057_1","PC:2.7017g | EC:0.345g | EMC:7.209g | LiPF6:2.403g","20.0","2.7017","0.345","7.209","2.403","0.0062264053032844","-5.225864020379807"
"liquid","PYA_30032021_BM057_1","PC:2.7017g | EC:0.345g | EMC:7.209g | LiPF6:2.403g","30.0","2.7017","0.345","7.209","2.403","0.0074624462925171","-4.958195761334656"
"liquid","PYA_30032021_BM057_1","PC:2.7017g | EC:0.345g | EMC:7.209g | LiPF6:2.403g","40.0","2.7017","0.345","7.209","2.403","0.0088617218395527","-4.707622712830467"
"liquid","PYA_30032021_BM057_1","PC:2.7017g | EC:0.345g | EMC:7.209g | LiPF6:2.403g","50.0","2.7017","0.345","7.209","2.403","0.0104511973978722","-4.472557821436241"
"liquid","PYA_30032021_BM057_1","PC:2.7017g | EC:0.345g | EMC:7.209g | LiPF6:2.403g","60.0","2.7017","0.345","7.209","2.403","0.0125049448689818","-4.251604584935859"
"liquid","PYA_30032021_BM057_2","PC:2.7017g | EC:0.345g | EMC:7.209g | LiPF6:2.403g","-30.0","2.7017","0.345","7.209","2.403","0.0009080399566246","-6.659383908380724"
"liquid","PYA_30032021_BM057_2","PC:2.7017g | EC:0.345g | EMC:7.209g | LiPF6:2.403g","-20.0","2.7017","0.345","7.209","2.403","0.0016941210723178","-6.243841179942756"
"liquid","PYA_30032021_BM057_2","PC:2.7017g | EC:0.345g | EMC:7.209g | LiPF6:2.403g","-10.0","2.7017","0.345","7.209","2.403","0.0029386225589883","-5.859880646331918"
"liquid","PYA_30032021_BM057_2","PC:2.7017g | EC:0.345g | EMC:7.209g | LiPF6:2.403g","0.0","2.7017","0.345","7.209","2.403","0.0044801876670683","-5.504033642547976"
"liquid","PYA_30032021_BM057_2","PC:2.7017g | EC:0.345g | EMC:7.209g | LiPF6:2.403g","10.0","2.7017","0.345","7.209","2.403","0.0080390106035464","-5.173321514538991"
"liquid","PYA_30032021_BM057_2","PC:2.7017g | EC:0.345g | EMC:7.209g | LiPF6:2.403g","20.0","2.7017","0.345","7.209","2.403","0.0117795644924682","-4.865172042372338"
"liquid","PYA_30032021_BM057_2","PC:2.7017g | EC:0.345g | EMC:7.209g | LiPF6:2.403g","30.0","2.7017","0.345","7.209","2.403","0.0141548036877244","-4.577352405083907"
"liquid","PYA_30032021_BM057_2","PC:2.7017g | EC:0.345g | EMC:7.209g | LiPF6:2.403g","40.0","2.7017","0.345","7.209","2.403","0.0135973474195107","-4.307914989560663"
"liquid","PYA_30032021_BM057_2","PC:2.7017g | EC:0.345g | EMC:7.209g | LiPF6:2.403g","50.0","2.7017","0.345","7.209","2.403","0.0125066076963811","-4.055153261211999"
"liquid","PYA_30032021_BM057_2","PC:2.7017g | EC:0.345g | EMC:7.209g | LiPF6:2.403g","60.0","2.7017","0.345","7.209","2.403","0.0144222540563853","-3.817565582291439"
"liquid","PYA_30032021_BM057_3","PC:2.7017g | EC:0.345g | EMC:7.209g | LiPF6:2.403g","-30.0","2.7017","0.345","7.209","2.403","0.000929641259622","-6.86607634069121"
"liquid","PYA_30032021_BM057_3","PC:2.7017g | EC:0.345g | EMC:7.209g | LiPF6:2.403g","-20.0","2.7017","0.345","7.209","2.403","0.0015463687464352","-6.482826463280505"
"liquid","PYA_30032021_BM057_3","PC:2.7017g | EC:0.345g | EMC:7.209g | LiPF6:2.403g","-10.0","2.7017","0.345","7.209","2.403","0.0023573794913927","-6.12870445038895"
"liquid","PYA_30032021_BM057_3","PC:2.7017g | EC:0.345g | EMC:7.209g | LiPF6:2.403g","0.0","2.7017","0.345","7.209","2.403","0.003229481841753","-5.800511195534483"
"liquid","PYA_30032021_BM057_3","PC:2.7017g | EC:0.345g | EMC:7.209g | LiPF6:2.403g","10.0","2.7017","0.345","7.209","2.403","0.0043555157624237","-5.495499523223156"
"liquid","PYA_30032021_BM057_3","PC:2.7017g | EC:0.345g | EMC:7.209g | LiPF6:2.403g","20.0","2.7017","0.345","7.209","2.403","0.0054728910876553","-5.211297107081796"
"liquid","PYA_30032021_BM057_3","PC:2.7017g | EC:0.345g | EMC:7.209g | LiPF6:2.403g","30.0","2.7017","0.345","7.209","2.403","0.0067059760928836","-4.94584464417424"
"liquid","PYA_30032021_BM057_3","PC:2.7017g | EC:0.345g | EMC:7.209g | LiPF6:2.403g","40.0","2.7017","0.345","7.209","2.403","0.0093191135029456","-4.697345875209366"
"liquid","PYA_30032021_BM057_3","PC:2.7017g | EC:0.345g | EMC:7.209g | LiPF6:2.403g","50.0","2.7017","0.345","7.209","2.403","0.0105594469022151","-4.464226884611497"
"liquid","PYA_30032021_BM057_3","PC:2.7017g | EC:0.345g | EMC:7.209g | LiPF6:2.403g","60.0","2.7017","0.345","7.209","2.403","0.014642888493187","-4.245102730609627"
"liquid","PYA_30032021_BM066_1","PC:3.1775g | EC:2.1231g | EMC:5.3032g | LiPF6:1.6989g","-30.0","3.1775","2.1231","5.3032","1.6989","0.0010627602544561","-6.752406687717451"
"liquid","PYA_30032021_BM066_1","PC:3.1775g | EC:2.1231g | EMC:5.3032g | LiPF6:1.6989g","-20.0","3.1775","2.1231","5.3032","1.6989","0.0017037588944756","-6.362065251600554"
"liquid","PYA_30032021_BM066_1","PC:3.1775g | EC:2.1231g | EMC:5.3032g | LiPF6:1.6989g","-10.0","3.1775","2.1231","5.3032","1.6989","0.0024969104216789","-6.001390654633714"
"liquid","PYA_30032021_BM066_1","PC:3.1775g | EC:2.1231g | EMC:5.3032g | LiPF6:1.6989g","0.0","3.1775","2.1231","5.3032","1.6989","0.0032720422254824","-5.667124594878431"
"liquid","PYA_30032021_BM066_1","PC:3.1775g | EC:2.1231g | EMC:5.3032g | LiPF6:1.6989g","10.0","3.1775","2.1231","5.3032","1.6989","0.0049706895040847","-5.356469063800902"
"liquid","PYA_30032021_BM066_1","PC:3.1775g | EC:2.1231g | EMC:5.3032g | LiPF6:1.6989g","20.0","3.1775","2.1231","5.3032","1.6989","0.0065875381244391","-5.067007838101337"
"liquid","PYA_30032021_BM066_1","PC:3.1775g | EC:2.1231g | EMC:5.3032g | LiPF6:1.6989g","30.0","3.1775","2.1231","5.3032","1.6989","0.0112844385901247","-4.796643510023385"
"liquid","PYA_30032021_BM066_1","PC:3.1775g | EC:2.1231g | EMC:5.3032g | LiPF6:1.6989g","40.0","3.1775","2.1231","5.3032","1.6989","0.0117964175967071","-4.543546582748749"
"liquid","PYA_30032021_BM066_1","PC:3.1775g | EC:2.1231g | EMC:5.3032g | LiPF6:1.6989g","50.0","3.1775","2.1231","5.3032","1.6989","0.0118636462285355","-4.306114017366402"
"liquid","PYA_30032021_BM066_1","PC:3.1775g | EC:2.1231g | EMC:5.3032g | LiPF6:1.6989g","60.0","3.1775","2.1231","5.3032","1.6989","0.0133863672364945","-4.082935245493425"
"liquid","PYA_30032021_BM066_3","PC:3.1775g | EC:2.1231g | EMC:5.3032g | LiPF6:1.6989g","-30.0","3.1775","2.1231","5.3032","1.6989","0.0013906878869445","-6.199919986464513"
"liquid","PYA_30032021_BM066_3","PC:3.1775g | EC:2.1231g | EMC:5.3032g | LiPF6:1.6989g","-20.0","3.1775","2.1231","5.3032","1.6989","0.0024189431495975","-5.860897866614161"
"liquid","PYA_30032021_BM066_3","PC:3.1775g | EC:2.1231g | EMC:5.3032g | LiPF6:1.6989g","-10.0","3.1775","2.1231","5.3032","1.6989","0.0041548462904387","-5.547642200866058"
"liquid","PYA_30032021_BM066_3","PC:3.1775g | EC:2.1231g | EMC:5.3032g | LiPF6:1.6989g","0.0","3.1775","2.1231","5.3032","1.6989","0.0064076680169943","-5.25732306565049"
"liquid","PYA_30032021_BM066_3","PC:3.1775g | EC:2.1231g | EMC:5.3032g | LiPF6:1.6989g","10.0","3.1775","2.1231","5.3032","1.6989","0.0096414789866137","-4.98751031469878"
"liquid","PYA_30032021_BM066_3","PC:3.1775g | EC:2.1231g | EMC:5.3032g | LiPF6:1.6989g","20.0","3.1775","2.1231","5.3032","1.6989","0.0155413613779753","-4.736105392568609"
"liquid","PYA_30032021_BM066_3","PC:3.1775g | EC:2.1231g | EMC:5.3032g | LiPF6:1.6989g","30.0","3.1775","2.1231","5.3032","1.6989","0.0121329015830219","-4.501286643760568"
"liquid","PYA_30032021_BM066_3","PC:3.1775g | EC:2.1231g | EMC:5.3032g | LiPF6:1.6989g","40.0","3.1775","2.1231","5.3032","1.6989","0.0117856007697304","-4.28146510068831"
"liquid","PYA_30032021_BM066_3","PC:3.1775g | EC:2.1231g | EMC:5.3032g | LiPF6:1.6989g","50.0","3.1775","2.1231","5.3032","1.6989","0.0128184740205002","-4.075248480597471"
"liquid","PYA_30032021_BM066_3","PC:3.1775g | EC:2.1231g | EMC:5.3032g | LiPF6:1.6989g","60.0","3.1775","2.1231","5.3032","1.6989","0.0153417168216594","-3.881411666605436"
"liquid","PYA_30032021_BM067_2","PC:4.2848g | EC:1.0666g | EMC:5.2959g | LiPF6:1.6975g","-30.0","4.2848","1.0666","5.2959","1.6975","0.001139336021227","-6.585151712302732"
"liquid","PYA_30032021_BM067_2","PC:4.2848g | EC:1.0666g | EMC:5.2959g | LiPF6:1.6975g","-20.0","4.2848","1.0666","5.2959","1.6975","0.0019755284108694","-6.24067227732275"
"liquid","PYA_30032021_BM067_2","PC:4.2848g | EC:1.0666g | EMC:5.2959g | LiPF6:1.6975g","-10.0","4.2848","1.0666","5.2959","1.6975","0.0029753312533618","-5.92237406483792"
"liquid","PYA_30032021_BM067_2","PC:4.2848g | EC:1.0666g | EMC:5.2959g | LiPF6:1.6975g","0.0","4.2848","1.0666","5.2959","1.6975","0.0038354234442664","-5.627381597363877"
"liquid","PYA_30032021_BM067_2","PC:4.2848g | EC:1.0666g | EMC:5.2959g | LiPF6:1.6975g","10.0","4.2848","1.0666","5.2959","1.6975","0.0050981423475756","-5.353225610022206"
"liquid","PYA_30032021_BM067_2","PC:4.2848g | EC:1.0666g | EMC:5.2959g | LiPF6:1.6975g","20.0","4.2848","1.0666","5.2959","1.6975","0.0063234333606068","-5.09777376645278"
"liquid","PYA_30032021_BM067_2","PC:4.2848g | EC:1.0666g | EMC:5.2959g | LiPF6:1.6975g","30.0","4.2848","1.0666","5.2959","1.6975","0.0086558297605307","-4.859175087558888"
"liquid","PYA_30032021_BM067_2","PC:4.2848g | EC:1.0666g | EMC:5.2959g | LiPF6:1.6975g","40.0","4.2848","1.0666","5.2959","1.6975","0.009936708755924","-4.635815027786432"
"liquid","PYA_30032021_BM067_2","PC:4.2848g | EC:1.0666g | EMC:5.2959g | LiPF6:1.6975g","50.0","4.2848","1.0666","5.2959","1.6975","0.0100468778565603","-4.426278892493164"
"liquid","PYA_30032021_BM067_2","PC:4.2848g | EC:1.0666g | EMC:5.2959g | LiPF6:1.6975g","60.0","4.2848","1.0666","5.2959","1.6975","0.0137301856752248","-4.229321843815129"
"liquid","PYA_30032021_BM067_4","PC:4.2848g | EC:1.0666g | EMC:5.2959g | LiPF6:1.6975g","-30.0","4.2848","1.0666","5.2959","1.6975","0.0011969802468006","-6.559321648582458"
"liquid","PYA_30032021_BM067_4","PC:4.2848g | EC:1.0666g | EMC:5.2959g | LiPF6:1.6975g","-20.0","4.2848","1.0666","5.2959","1.6975","0.001988931803392","-6.213018092286195"
"liquid","PYA_30032021_BM067_4","PC:4.2848g | EC:1.0666g | EMC:5.2959g | LiPF6:1.6975g","-10.0","4.2848","1.0666","5.2959","1.6975","0.0029781286087363","-5.893034395864241"
"liquid","PYA_30032021_BM067_4","PC:4.2848g | EC:1.0666g | EMC:5.2959g | LiPF6:1.6975g","0.0","4.2848","1.0666","5.2959","1.6975","0.0040153423738702","-5.596479855321619"
"liquid","PYA_30032021_BM067_4","PC:4.2848g | EC:1.0666g | EMC:5.2959g | LiPF6:1.6975g","10.0","4.2848","1.0666","5.2959","1.6975","0.0053558139778157","-5.3208721302861575"
"liquid","PYA_30032021_BM067_4","PC:4.2848g | EC:1.0666g | EMC:5.2959g | LiPF6:1.6975g","20.0","4.2848","1.0666","5.2959","1.6975","0.0067198944709994","-5.064067593040937"
"liquid","PYA_30032021_BM067_4","PC:4.2848g | EC:1.0666g | EMC:5.2959g | LiPF6:1.6975g","30.0","4.2848","1.0666","5.2959","1.6975","0.0084250927726045","-4.824205463003055"
"liquid","PYA_30032021_BM067_4","PC:4.2848g | EC:1.0666g | EMC:5.2959g | LiPF6:1.6975g","40.0","4.2848","1.0666","5.2959","1.6975","0.0099049601763307","-4.5996626451183165"
"liquid","PYA_30032021_BM067_4","PC:4.2848g | EC:1.0666g | EMC:5.2959g | LiPF6:1.6975g","50.0","4.2848","1.0666","5.2959","1.6975","0.0119144541635108","-4.389016953514548"
"liquid","PYA_30032021_BM067_4","PC:4.2848g | EC:1.0666g | EMC:5.2959g | LiPF6:1.6975g","60.0","4.2848","1.0666","5.2959","1.6975","0.0133669078386283","-4.191016958540152"
"liquid","PYA_30032021_BM068_1","PC:5.3058g | EMC:5.2976g | LiPF6:1.7034g","-30.0","5.3058","0.0","5.2976","1.7034","0.0011075632299896","-6.685059273030498"
"liquid","PYA_30032021_BM068_1","PC:5.3058g | EMC:5.2976g | LiPF6:1.7034g","-20.0","5.3058","0.0","5.2976","1.7034","0.0017890910958612","-6.314339361945943"
"liquid","PYA_30032021_BM068_1","PC:5.3058g | EMC:5.2976g | LiPF6:1.7034g","-10.0","5.3058","0.0","5.2976","1.7034","0.0026274970232012","-5.971795009370569"
"liquid","PYA_30032021_BM068_1","PC:5.3058g | EMC:5.2976g | LiPF6:1.7034g","0.0","5.3058","0.0","5.2976","1.7034","0.0035888235046088","-5.654331700366522"
"liquid","PYA_30032021_BM068_1","PC:5.3058g | EMC:5.2976g | LiPF6:1.7034g","10.0","5.3058","0.0","5.2976","1.7034","0.0050429069325978","-5.359292075558416"
"liquid","PYA_30032021_BM068_1","PC:5.3058g | EMC:5.2976g | LiPF6:1.7034g","20.0","5.3058","0.0","5.2976","1.7034","0.0069089024148288","-5.084381369379551"
"liquid","PYA_30032021_BM068_1","PC:5.3058g | EMC:5.2976g | LiPF6:1.7034g","30.0","5.3058","0.0","5.2976","1.7034","0.0091906250612957","-4.827607605716198"
"liquid","PYA_30032021_BM068_1","PC:5.3058g | EMC:5.2976g | LiPF6:1.7034g","40.0","5.3058","0.0","5.2976","1.7034","0.0094171011513749","-4.587233252154287"
"liquid","PYA_30032021_BM068_1","PC:5.3058g | EMC:5.2976g | LiPF6:1.7034g","50.0","5.3058","0.0","5.2976","1.7034","0.0123777371737257","-4.361735850692759"
"liquid","PYA_30032021_BM068_1","PC:5.3058g | EMC:5.2976g | LiPF6:1.7034g","60.0","5.3058","0.0","5.2976","1.7034","0.0138304293561211","-4.1497757388282"
"liquid","PYA_30032021_BM068_2","PC:5.3058g | EMC:5.2976g | LiPF6:1.7034g","-30.0","5.3058","0.0","5.2976","1.7034","0.0011090611481278","-6.686993902367971"
"liquid","PYA_30032021_BM068_2","PC:5.3058g | EMC:5.2976g | LiPF6:1.7034g","-20.0","5.3058","0.0","5.2976","1.7034","0.0018133745074984","-6.330568599327536"
"liquid","PYA_30032021_BM068_2","PC:5.3058g | EMC:5.2976g | LiPF6:1.7034g","-10.0","5.3058","0.0","5.2976","1.7034","0.0026365484515657","-6.001232431992244"
"liquid","PYA_30032021_BM068_2","PC:5.3058g | EMC:5.2976g | LiPF6:1.7034g","0.0","5.3058","0.0","5.2976","1.7034","0.0035219854913717","-5.696010206984265"
"liquid","PYA_30032021_BM068_2","PC:5.3058g | EMC:5.2976g | LiPF6:1.7034g","10.0","5.3058","0.0","5.2976","1.7034","0.0046553643465567","-5.412347030184514"
"liquid","PYA_30032021_BM068_2","PC:5.3058g | EMC:5.2976g | LiPF6:1.7034g","20.0","5.3058","0.0","5.2976","1.7034","0.0058840059014612","-5.148036620009341"
"liquid","PYA_30032021_BM068_2","PC:5.3058g | EMC:5.2976g | LiPF6:1.7034g","30.0","5.3058","0.0","5.2976","1.7034","0.0074398910432424","-4.901163809054038"
"liquid","PYA_30032021_BM068_2","PC:5.3058g | EMC:5.2976g | LiPF6:1.7034g","40.0","5.3058","0.0","5.2976","1.7034","0.0095422576365164","-4.670058062505907"
"liquid","PYA_30032021_BM068_2","PC:5.3058g | EMC:5.2976g | LiPF6:1.7034g","50.0","5.3058","0.0","5.2976","1.7034","0.0117040420760538","-4.453255626899948"
"liquid","PYA_30032021_BM068_2","PC:5.3058g | EMC:5.2976g | LiPF6:1.7034g","60.0","5.3058","0.0","5.2976","1.7034","0.0130454652206999","-4.249468495847851"
"liquid","PYA_30032021_BM068_3","PC:5.3058g | EMC:5.2976g | LiPF6:1.7034g","-30.0","5.3058","0.0","5.2976","1.7034","0.0011483354175956","-6.62715744665002"
"liquid","PYA_30032021_BM068_3","PC:5.3058g | EMC:5.2976g | LiPF6:1.7034g","-20.0","5.3058","0.0","5.2976","1.7034","0.0018667599556803","-6.269371398335255"
"liquid","PYA_30032021_BM068_3","PC:5.3058g | EMC:5.2976g | LiPF6:1.7034g","-10.0","5.3058","0.0","5.2976","1.7034","0.002640680485666","-5.938777905469075"
"liquid","PYA_30032021_BM068_3","PC:5.3058g | EMC:5.2976g | LiPF6:1.7034g","0.0","5.3058","0.0","5.2976","1.7034","0.0043337643143906","-5.63239041610765"
"liquid","PYA_30032021_BM068_3","PC:5.3058g | EMC:5.2976g | LiPF6:1.7034g","10.0","5.3058","0.0","5.2976","1.7034","0.0054012338996823","-5.34764428216642"
"liquid","PYA_30032021_BM068_3","PC:5.3058g | EMC:5.2976g | LiPF6:1.7034g","20.0","5.3058","0.0","5.2976","1.7034","0.0061441715417177","-5.08232479901429"
"liquid","PYA_30032021_BM068_3","PC:5.3058g | EMC:5.2976g | LiPF6:1.7034g","30.0","5.3058","0.0","5.2976","1.7034","0.0074675158762071","-4.834509487602364"
"liquid","PYA_30032021_BM068_3","PC:5.3058g | EMC:5.2976g | LiPF6:1.7034g","40.0","5.3058","0.0","5.2976","1.7034","0.0097328037485901","-4.602521435421599"
"liquid","PYA_30032021_BM068_3","PC:5.3058g | EMC:5.2976g | LiPF6:1.7034g","50.0","5.3058","0.0","5.2976","1.7034","0.0131867008203425","-4.384891300751636"
"liquid","PYA_30032021_BM068_3","PC:5.3058g | EMC:5.2976g | LiPF6:1.7034g","60.0","5.3058","0.0","5.2976","1.7034","0.0136023520243762","-4.180326159908475"
"liquid","PYA_30032021_BM068_4","PC:5.3058g | EMC:5.2976g | LiPF6:1.7034g","-30.0","5.3058","0.0","5.2976","1.7034","0.0010257402256843","-6.79629026021075"
"liquid","PYA_30032021_BM068_4","PC:5.3058g | EMC:5.2976g | LiPF6:1.7034g","-20.0","5.3058","0.0","5.2976","1.7034","0.0016816871222006","-6.420463215643135"
"liquid","PYA_30032021_BM068_4","PC:5.3058g | EMC:5.2976g | LiPF6:1.7034g","-10.0","5.3058","0.0","5.2976","1.7034","0.00246000361664","-6.073199883374027"
"liquid","PYA_30032021_BM068_4","PC:5.3058g | EMC:5.2976g | LiPF6:1.7034g","0.0","5.3058","0.0","5.2976","1.7034","0.0033214025735571","-5.7513631176265445"
"liquid","PYA_30032021_BM068_4","PC:5.3058g | EMC:5.2976g | LiPF6:1.7034g","10.0","5.3058","0.0","5.2976","1.7034","0.0044267161358052","-5.452258950554498"
"liquid","PYA_30032021_BM068_4","PC:5.3058g | EMC:5.2976g | LiPF6:1.7034g","20.0","5.3058","0.0","5.2976","1.7034","0.0056025504460559","-5.173561003306571"
"liquid","PYA_30032021_BM068_4","PC:5.3058g | EMC:5.2976g | LiPF6:1.7034g","30.0","5.3058","0.0","5.2976","1.7034","0.0079740131785993","-4.9132498577903245"
"liquid","PYA_30032021_BM068_4","PC:5.3058g | EMC:5.2976g | LiPF6:1.7034g","40.0","5.3058","0.0","5.2976","1.7034","0.0069222301062647","-4.669564044895265"
"liquid","PYA_30032021_BM068_4","PC:5.3058g | EMC:5.2976g | LiPF6:1.7034g","50.0","5.3058","0.0","5.2976","1.7034","0.0124010476827421","-4.440960132844709"
"liquid","PYA_30032021_BM068_4","PC:5.3058g | EMC:5.2976g | LiPF6:1.7034g","60.0","5.3058","0.0","5.2976","1.7034","0.0160420513175806","-4.226080003597729"
"liquid","PYA_30032021_BM069_2","PC:1.2065g | EC:4.2414g | EMC:5.3g | LiPF6:2.4043g","-30.0","1.2065","4.2414","5.3","2.4043","0.0005882283285207","-7.216441918687882"
"liquid","PYA_30032021_BM069_2","PC:1.2065g | EC:4.2414g | EMC:5.3g | LiPF6:2.4043g","-20.0","1.2065","4.2414","5.3","2.4043","0.0012356974438387","-6.743185810137995"
"liquid","PYA_30032021_BM069_2","PC:1.2065g | EC:4.2414g | EMC:5.3g | LiPF6:2.4043g","-10.0","1.2065","4.2414","5.3","2.4043","0.0020337346630649","-6.305898244894199"
"liquid","PYA_30032021_BM069_2","PC:1.2065g | EC:4.2414g | EMC:5.3g | LiPF6:2.4043g","0.0","1.2065","4.2414","5.3","2.4043","0.0030834879981451","-5.90062880633858"
"liquid","PYA_30032021_BM069_2","PC:1.2065g | EC:4.2414g | EMC:5.3g | LiPF6:2.4043g","10.0","1.2065","4.2414","5.3","2.4043","0.004506767648429","-5.523985144830861"
"liquid","PYA_30032021_BM069_2","PC:1.2065g | EC:4.2414g | EMC:5.3g | LiPF6:2.4043g","20.0","1.2065","4.2414","5.3","2.4043","0.0049747124163518","-5.173037793165045"
"liquid","PYA_30032021_BM069_2","PC:1.2065g | EC:4.2414g | EMC:5.3g | LiPF6:2.4043g","30.0","1.2065","4.2414","5.3","2.4043","0.0077892254988426","-4.845243821124222"
"liquid","PYA_30032021_BM069_2","PC:1.2065g | EC:4.2414g | EMC:5.3g | LiPF6:2.4043g","40.0","1.2065","4.2414","5.3","2.4043","0.0116296355300726","-4.538385117934799"
"liquid","PYA_30032021_BM069_2","PC:1.2065g | EC:4.2414g | EMC:5.3g | LiPF6:2.4043g","50.0","1.2065","4.2414","5.3","2.4043","0.0163760014957845","-4.250518133958711"
"liquid","PYA_30032021_BM069_2","PC:1.2065g | EC:4.2414g | EMC:5.3g | LiPF6:2.4043g","60.0","1.2065","4.2414","5.3","2.4043","0.0144587802826108","-3.9799326738593193"
"liquid","PYA_30032021_BM070_1","PC:2.1321g | EC:3.1741g | EMC:5.305g | LiPF6:2.4058g","-30.0","2.1321","3.1741","5.305","2.4058","0.0005318249885652","-7.334314631872111"
"liquid","PYA_30032021_BM070_1","PC:2.1321g | EC:3.1741g | EMC:5.305g | LiPF6:2.4058g","-20.0","2.1321","3.1741","5.305","2.4058","0.001052014457847","-6.877404374604923"
"liquid","PYA_30032021_BM070_1","PC:2.1321g | EC:3.1741g | EMC:5.305g | LiPF6:2.4058g","-10.0","2.1321","3.1741","5.305","2.4058","0.0017558300701366","-6.455220338676682"
"liquid","PYA_30032021_BM070_1","PC:2.1321g | EC:3.1741g | EMC:5.305g | LiPF6:2.4058g","0.0","2.1321","3.1741","5.305","2.4058","0.0025421668506002","-6.06394855139777"
"liquid","PYA_30032021_BM070_1","PC:2.1321g | EC:3.1741g | EMC:5.305g | LiPF6:2.4058g","10.0","2.1321","3.1741","5.305","2.4058","0.0035818169812596","-5.700313831911826"
"liquid","PYA_30032021_BM070_1","PC:2.1321g | EC:3.1741g | EMC:5.305g | LiPF6:2.4058g","20.0","2.1321","3.1741","5.305","2.4058","0.004777460259312","-5.361487894243103"
"liquid","PYA_30032021_BM070_1","PC:2.1321g | EC:3.1741g | EMC:5.305g | LiPF6:2.4058g","30.0","2.1321","3.1741","5.305","2.4058","0.0073514910109206","-5.045015638756055"
"liquid","PYA_30032021_BM070_1","PC:2.1321g | EC:3.1741g | EMC:5.305g | LiPF6:2.4058g","40.0","2.1321","3.1741","5.305","2.4058","0.0087933780675975","-4.748755566279517"
"liquid","PYA_30032021_BM070_1","PC:2.1321g | EC:3.1741g | EMC:5.305g | LiPF6:2.4058g","50.0","2.1321","3.1741","5.305","2.4058","0.0088064861564657","-4.470831255676815"
"liquid","PYA_30032021_BM070_1","PC:2.1321g | EC:3.1741g | EMC:5.305g | LiPF6:2.4058g","60.0","2.1321","3.1741","5.305","2.4058","0.0150484448878261","-4.209591580259628"
"liquid","PYA_30032021_BM070_3","PC:2.1321g | EC:3.1741g | EMC:5.305g | LiPF6:2.4058g","-30.0","2.1321","3.1741","5.305","2.4058","0.0005597891565677","-7.250805710889029"
"liquid","PYA_30032021_BM070_3","PC:2.1321g | EC:3.1741g | EMC:5.305g | LiPF6:2.4058g","-20.0","2.1321","3.1741","5.305","2.4058","0.0011356025960783","-6.789027239355995"
"liquid","PYA_30032021_BM070_3","PC:2.1321g | EC:3.1741g | EMC:5.305g | LiPF6:2.4058g","-10.0","2.1321","3.1741","5.305","2.4058","0.001930107279483","-6.362344984545974"
"liquid","PYA_30032021_BM070_3","PC:2.1321g | EC:3.1741g | EMC:5.305g | LiPF6:2.4058g","0.0","2.1321","3.1741","5.305","2.4058","0.0029067705075772","-5.966904337263685"
"liquid","PYA_30032021_BM070_3","PC:2.1321g | EC:3.1741g | EMC:5.305g | LiPF6:2.4058g","10.0","2.1321","3.1741","5.305","2.4058","0.0041886626064573","-5.599395220780075"
"liquid","PYA_30032021_BM070_3","PC:2.1321g | EC:3.1741g | EMC:5.305g | LiPF6:2.4058g","20.0","2.1321","3.1741","5.305","2.4058","0.0057073278352457","-5.256959214750745"
"liquid","PYA_30032021_BM070_3","PC:2.1321g | EC:3.1741g | EMC:5.305g | LiPF6:2.4058g","30.0","2.1321","3.1741","5.305","2.4058","0.0072303757999618","-4.937115061337568"
"liquid","PYA_30032021_BM070_3","PC:2.1321g | EC:3.1741g | EMC:5.305g | LiPF6:2.4058g","40.0","2.1321","3.1741","5.305","2.4058","0.0090680828803431","-4.6376984444668246"
"liquid","PYA_30032021_BM070_3","PC:2.1321g | EC:3.1741g | EMC:5.305g | LiPF6:2.4058g","50.0","2.1321","3.1741","5.305","2.4058","0.0115066944099231","-4.356812950410301"
"liquid","PYA_30032021_BM070_3","PC:2.1321g | EC:3.1741g | EMC:5.305g | LiPF6:2.4058g","60.0","2.1321","3.1741","5.305","2.4058","0.0157367673193334","-4.092789860319352"
"liquid","PYA_30032021_BM070_4","PC:2.1321g | EC:3.1741g | EMC:5.305g | LiPF6:2.4058g","-30.0","2.1321","3.1741","5.305","2.4058","0.0005529440513043","-7.284017367268065"
"liquid","PYA_30032021_BM070_4","PC:2.1321g | EC:3.1741g | EMC:5.305g | LiPF6:2.4058g","-20.0","2.1321","3.1741","5.305","2.4058","0.0011082726778977","-6.8201129576136506"
"liquid","PYA_30032021_BM070_4","PC:2.1321g | EC:3.1741g | EMC:5.305g | LiPF6:2.4058g","-10.0","2.1321","3.1741","5.305","2.4058","0.0018737632090913","-6.3914663408267565"
"liquid","PYA_30032021_BM070_4","PC:2.1321g | EC:3.1741g | EMC:5.305g | LiPF6:2.4058g","0.0","2.1321","3.1741","5.305","2.4058","0.0027426899098911","-5.994205161842308"
"liquid","PYA_30032021_BM070_4","PC:2.1321g | EC:3.1741g | EMC:5.305g | LiPF6:2.4058g","10.0","2.1321","3.1741","5.305","2.4058","0.0039138103357662","-5.6250041049828425"
"liquid","PYA_30032021_BM070_4","PC:2.1321g | EC:3.1741g | EMC:5.305g | LiPF6:2.4058g","20.0","2.1321","3.1741","5.305","2.4058","0.0053356053548906","-5.28099159029356"
"liquid","PYA_30032021_BM070_4","PC:2.1321g | EC:3.1741g | EMC:5.305g | LiPF6:2.4058g","30.0","2.1321","3.1741","5.305","2.4058","0.0073684967948165","-4.959674936708636"
"liquid","PYA_30032021_BM070_4","PC:2.1321g | EC:3.1741g | EMC:5.305g | LiPF6:2.4058g","40.0","2.1321","3.1741","5.305","2.4058","0.0096491553882897","-4.658879864064787"
"liquid","PYA_30032021_BM070_4","PC:2.1321g | EC:3.1741g | EMC:5.305g | LiPF6:2.4058g","50.0","2.1321","3.1741","5.305","2.4058","0.0116448348963283","-4.376701227914447"
"liquid","PYA_30032021_BM070_4","PC:2.1321g | EC:3.1741g | EMC:5.305g | LiPF6:2.4058g","60.0","2.1321","3.1741","5.305","2.4058","0.0144397358503603","-4.1114626269524805"
"liquid","PYA_30032021_BM071_2","PC:3.1845g | EC:2.1278g | EMC:5.2953g | LiPF6:2.4003g","-30.0","3.1845","2.1278","5.2953","2.4003","0.0005714919067333","-7.244667235630739"
"liquid","PYA_30032021_BM071_2","PC:3.1845g | EC:2.1278g | EMC:5.2953g | LiPF6:2.4003g","-20.0","3.1845","2.1278","5.2953","2.4003","0.0011165465791653","-6.7956985330013895"
"liquid","PYA_30032021_BM071_2","PC:3.1845g | EC:2.1278g | EMC:5.2953g | LiPF6:2.4003g","-10.0","3.1845","2.1278","5.2953","2.4003","0.0018547784265209","-6.380852475451223"
"liquid","PYA_30032021_BM071_2","PC:3.1845g | EC:2.1278g | EMC:5.2953g | LiPF6:2.4003g","0.0","3.1845","2.1278","5.2953","2.4003","0.0027346418185657","-5.996381380928709"
"liquid","PYA_30032021_BM071_2","PC:3.1845g | EC:2.1278g | EMC:5.2953g | LiPF6:2.4003g","10.0","3.1845","2.1278","5.2953","2.4003","0.0039409147519503","-5.639066994477715"
"liquid","PYA_30032021_BM071_2","PC:3.1845g | EC:2.1278g | EMC:5.2953g | LiPF6:2.4003g","20.0","3.1845","2.1278","5.2953","2.4003","0.0055652410074503","-5.306130188545292"
"liquid","PYA_30032021_BM071_2","PC:3.1845g | EC:2.1278g | EMC:5.2953g | LiPF6:2.4003g","30.0","3.1845","2.1278","5.2953","2.4003","0.0072618618982407","-4.995158535568993"
"liquid","PYA_30032021_BM071_2","PC:3.1845g | EC:2.1278g | EMC:5.2953g | LiPF6:2.4003g","40.0","3.1845","2.1278","5.2953","2.4003","0.0090809523577657","-4.7040477577628215"
"liquid","PYA_30032021_BM071_2","PC:3.1845g | EC:2.1278g | EMC:5.2953g | LiPF6:2.4003g","50.0","3.1845","2.1278","5.2953","2.4003","0.0108384962439763","-4.430954048055441"
"liquid","PYA_30032021_BM071_2","PC:3.1845g | EC:2.1278g | EMC:5.2953g | LiPF6:2.4003g","60.0","3.1845","2.1278","5.2953","2.4003","0.0131440167079133","-4.1742549779823"
"liquid","PYA_30032021_BM071_3","PC:3.1845g | EC:2.1278g | EMC:5.2953g | LiPF6:2.4003g","-30.0","3.1845","2.1278","5.2953","2.4003","0.0005965051012748","-7.182524514210049"
"liquid","PYA_30032021_BM071_3","PC:3.1845g | EC:2.1278g | EMC:5.2953g | LiPF6:2.4003g","-20.0","3.1845","2.1278","5.2953","2.4003","0.0011709297952627","-6.738391599712396"
"liquid","PYA_30032021_BM071_3","PC:3.1845g | EC:2.1278g | EMC:5.2953g | LiPF6:2.4003g","-10.0","3.1845","2.1278","5.2953","2.4003","0.0019718760413049","-6.328013799369988"
"liquid","PYA_30032021_BM071_3","PC:3.1845g | EC:2.1278g | EMC:5.2953g | LiPF6:2.4003g","0.0","3.1845","2.1278","5.2953","2.4003","0.0029263980506366","-5.947683796965886"
"liquid","PYA_30032021_BM071_3","PC:3.1845g | EC:2.1278g | EMC:5.2953g | LiPF6:2.4003g","10.0","3.1845","2.1278","5.2953","2.4003","0.0041436335248051","-5.594218000982699"
"liquid","PYA_30032021_BM071_3","PC:3.1845g | EC:2.1278g | EMC:5.2953g | LiPF6:2.4003g","20.0","3.1845","2.1278","5.2953","2.4003","0.005905220857734","-5.264867217517554"
"liquid","PYA_30032021_BM071_3","PC:3.1845g | EC:2.1278g | EMC:5.2953g | LiPF6:2.4003g","30.0","3.1845","2.1278","5.2953","2.4003","0.0077558464648822","-4.957245002976383"
"liquid","PYA_30032021_BM071_3","PC:3.1845g | EC:2.1278g | EMC:5.2953g | LiPF6:2.4003g","40.0","3.1845","2.1278","5.2953","2.4003","0.0091881133043388","-4.669269744497236"
"liquid","PYA_30032021_BM071_3","PC:3.1845g | EC:2.1278g | EMC:5.2953g | LiPF6:2.4003g","50.0","3.1845","2.1278","5.2953","2.4003","0.0108753665669261","-4.399117494433946"
"liquid","PYA_30032021_BM071_3","PC:3.1845g | EC:2.1278g | EMC:5.2953g | LiPF6:2.4003g","60.0","3.1845","2.1278","5.2953","2.4003","0.013556717616314","-4.145183299304665"
"liquid","PYA_30032021_BM072_1","PC:4.2379g | EC:1.0561g | EMC:5.2961g | LiPF6:2.4015g","-30.0","4.2379","1.0561","5.2961","2.4015","0.0005828627107543","-7.2424450837683985"
"liquid","PYA_30032021_BM072_1","PC:4.2379g | EC:1.0561g | EMC:5.2961g | LiPF6:2.4015g","-20.0","4.2379","1.0561","5.2961","2.4015","0.0011579946316205","-6.786752529572913"
"liquid","PYA_30032021_BM072_1","PC:4.2379g | EC:1.0561g | EMC:5.2961g | LiPF6:2.4015g","-10.0","4.2379","1.0561","5.2961","2.4015","0.0018754236688187","-6.365693648506479"
"liquid","PYA_30032021_BM072_1","PC:4.2379g | EC:1.0561g | EMC:5.2961g | LiPF6:2.4015g","0.0","4.2379","1.0561","5.2961","2.4015","0.0029050964903698","-5.975464632427519"
"liquid","PYA_30032021_BM072_1","PC:4.2379g | EC:1.0561g | EMC:5.2961g | LiPF6:2.4015g","10.0","4.2379","1.0561","5.2961","2.4015","0.0039010997752214","-5.612799029103563"
"liquid","PYA_30032021_BM072_1","PC:4.2379g | EC:1.0561g | EMC:5.2961g | LiPF6:2.4015g","20.0","4.2379","1.0561","5.2961","2.4015","0.0053314826369692","-5.274876090171484"
"liquid","PYA_30032021_BM072_1","PC:4.2379g | EC:1.0561g | EMC:5.2961g | LiPF6:2.4015g","30.0","4.2379","1.0561","5.2961","2.4015","0.0069680365208033","-4.959247259036344"
"liquid","PYA_30032021_BM072_1","PC:4.2379g | EC:1.0561g | EMC:5.2961g | LiPF6:2.4015g","40.0","4.2379","1.0561","5.2961","2.4015","0.0097638325216209","-4.663776743796788"
"liquid","PYA_30032021_BM072_1","PC:4.2379g | EC:1.0561g | EMC:5.2961g | LiPF6:2.4015g","50.0","4.2379","1.0561","5.2961","2.4015","0.0111028412023037","-4.386593124131398"
"liquid","PYA_30032021_BM072_1","PC:4.2379g | EC:1.0561g | EMC:5.2961g | LiPF6:2.4015g","60.0","4.2379","1.0561","5.2961","2.4015","0.0151736481594505","-4.126049673739031"
"liquid","PYA_30032021_BM072_3","PC:4.2379g | EC:1.0561g | EMC:5.2961g | LiPF6:2.4015g","-30.0","4.2379","1.0561","5.2961","2.4015","0.0004696288904965","-7.56730428356518"
"liquid","PYA_30032021_BM072_3","PC:4.2379g | EC:1.0561g | EMC:5.2961g | LiPF6:2.4015g","-20.0","4.2379","1.0561","5.2961","2.4015","0.0009160351140172","-7.087016536121169"
"liquid","PYA_30032021_BM072_3","PC:4.2379g | EC:1.0561g | EMC:5.2961g | LiPF6:2.4015g","-10.0","4.2379","1.0561","5.2961","2.4015","0.0014673376615376","-6.643231752571818"
"liquid","PYA_30032021_BM072_3","PC:4.2379g | EC:1.0561g | EMC:5.2961g | LiPF6:2.4015g","0.0","4.2379","1.0561","5.2961","2.4015","0.0020886145704649","-6.231940821012168"
"liquid","PYA_30032021_BM072_3","PC:4.2379g | EC:1.0561g | EMC:5.2961g | LiPF6:2.4015g","10.0","4.2379","1.0561","5.2961","2.4015","0.0029763011843975","-5.849700988273616"
"liquid","PYA_30032021_BM072_3","PC:4.2379g | EC:1.0561g | EMC:5.2961g | LiPF6:2.4015g","20.0","4.2379","1.0561","5.2961","2.4015","0.0036929220109318","-5.493539261128685"
"liquid","PYA_30032021_BM072_3","PC:4.2379g | EC:1.0561g | EMC:5.2961g | LiPF6:2.4015g","30.0","4.2379","1.0561","5.2961","2.4015","0.0047963123610926","-5.160874926505276"
"liquid","PYA_30032021_BM072_3","PC:4.2379g | EC:1.0561g | EMC:5.2961g | LiPF6:2.4015g","40.0","4.2379","1.0561","5.2961","2.4015","0.0057935860995135","-4.849456916941639"
"liquid","PYA_30032021_BM072_3","PC:4.2379g | EC:1.0561g | EMC:5.2961g | LiPF6:2.4015g","50.0","4.2379","1.0561","5.2961","2.4015","0.0134340486331469","-4.557312805540693"
"liquid","PYA_30032021_BM072_3","PC:4.2379g | EC:1.0561g | EMC:5.2961g | LiPF6:2.4015g","60.0","4.2379","1.0561","5.2961","2.4015","0.0157767824102312","-4.282706986884811"
"liquid","PYA_30032021_BM072_4","PC:4.2379g | EC:1.0561g | EMC:5.2961g | LiPF6:2.4015g","-30.0","4.2379","1.0561","5.2961","2.4015","0.0005175080799228","-7.381160120667978"
"liquid","PYA_30032021_BM072_4","PC:4.2379g | EC:1.0561g | EMC:5.2961g | LiPF6:2.4015g","-20.0","4.2379","1.0561","5.2961","2.4015","0.0009965156741438","-6.9220495602937895"
"liquid","PYA_30032021_BM072_4","PC:4.2379g | EC:1.0561g | EMC:5.2961g | LiPF6:2.4015g","-10.0","4.2379","1.0561","5.2961","2.4015","0.0016719120931821","-6.497832449311519"
"liquid","PYA_30032021_BM072_4","PC:4.2379g | EC:1.0561g | EMC:5.2961g | LiPF6:2.4015g","0.0","4.2379","1.0561","5.2961","2.4015","0.0024675967469779","-6.104676448413983"
"liquid","PYA_30032021_BM072_4","PC:4.2379g | EC:1.0561g | EMC:5.2961g | LiPF6:2.4015g","10.0","4.2379","1.0561","5.2961","2.4015","0.0034942526116172","-5.739290604740361"
"liquid","PYA_30032021_BM072_4","PC:4.2379g | EC:1.0561g | EMC:5.2961g | LiPF6:2.4015g","20.0","4.2379","1.0561","5.2961","2.4015","0.0047498143200187","-5.398833012383376"
"liquid","PYA_30032021_BM072_4","PC:4.2379g | EC:1.0561g | EMC:5.2961g | LiPF6:2.4015g","30.0","4.2379","1.0561","5.2961","2.4015","0.006240785535326","-5.080836748897049"
"liquid","PYA_30032021_BM072_4","PC:4.2379g | EC:1.0561g | EMC:5.2961g | LiPF6:2.4015g","40.0","4.2379","1.0561","5.2961","2.4015","0.0078049032030012","-4.783150002478344"
"liquid","PYA_30032021_BM072_4","PC:4.2379g | EC:1.0561g | EMC:5.2961g | LiPF6:2.4015g","50.0","4.2379","1.0561","5.2961","2.4015","0.0104552903362128","-4.503887315872033"
"liquid","PYA_30032021_BM072_4","PC:4.2379g | EC:1.0561g | EMC:5.2961g | LiPF6:2.4015g","60.0","4.2379","1.0561","5.2961","2.4015","0.0138358559294724","-4.241389611202164"
"liquid","PYA_30032021_BM073_1","PC:5.2948g | EMC:5.2994g | LiPF6:2.4065g","-30.0","5.2948","0.0","5.2994","2.4065","0.000579090536179","-7.249699504468768"
"liquid","PYA_30032021_BM073_1","PC:5.2948g | EMC:5.2994g | LiPF6:2.4065g","-20.0","5.2948","0.0","5.2994","2.4065","0.0011181142290483","-6.803423169664142"
"liquid","PYA_30032021_BM073_1","PC:5.2948g | EMC:5.2994g | LiPF6:2.4065g","-10.0","5.2948","0.0","5.2994","2.4065","0.0018240558737387","-6.391064853845236"
"liquid","PYA_30032021_BM073_1","PC:5.2948g | EMC:5.2994g | LiPF6:2.4065g","0.0","5.2948","0.0","5.2994","2.4065","0.0027196885393786","-6.008899348996045"
"liquid","PYA_30032021_BM073_1","PC:5.2948g | EMC:5.2994g | LiPF6:2.4065g","10.0","5.2948","0.0","5.2994","2.4065","0.0038020845169232","-5.6537276993366286"
"liquid","PYA_30032021_BM073_1","PC:5.2948g | EMC:5.2994g | LiPF6:2.4065g","20.0","5.2948","0.0","5.2994","2.4065","0.0053325781605681","-5.322787443138538"
"liquid","PYA_30032021_BM073_1","PC:5.2948g | EMC:5.2994g | LiPF6:2.4065g","30.0","5.2948","0.0","5.2994","2.4065","0.006987152364293","-5.013680619643606"
"liquid","PYA_30032021_BM073_1","PC:5.2948g | EMC:5.2994g | LiPF6:2.4065g","40.0","5.2948","0.0","5.2994","2.4065","0.0085731275329559","-4.724315569962813"
"liquid","PYA_30032021_BM073_1","PC:5.2948g | EMC:5.2994g | LiPF6:2.4065g","50.0","5.2948","0.0","5.2994","2.4065","0.0113877071118771","-4.4528595439354826"
"liquid","PYA_30032021_BM073_1","PC:5.2948g | EMC:5.2994g | LiPF6:2.4065g","60.0","5.2948","0.0","5.2994","2.4065","0.0129079547097069","-4.19769984244829"
"liquid","PYA_30032021_BM073_2","PC:5.2948g | EMC:5.2994g | LiPF6:2.4065g","-30.0","5.2948","0.0","5.2994","2.4065","0.0005972834095425","-7.159864492923203"
"liquid","PYA_30032021_BM073_2","PC:5.2948g | EMC:5.2994g | LiPF6:2.4065g","-20.0","5.2948","0.0","5.2994","2.4065","0.0011617570572117","-6.716142124845488"
"liquid","PYA_30032021_BM073_2","PC:5.2948g | EMC:5.2994g | LiPF6:2.4065g","-10.0","5.2948","0.0","5.2994","2.4065","0.0019887402328626","-6.306143668459029"
"liquid","PYA_30032021_BM073_2","PC:5.2948g | EMC:5.2994g | LiPF6:2.4065g","0.0","5.2948","0.0","5.2994","2.4065","0.0030833799999999","-5.926165234506136"
"liquid","PYA_30032021_BM073_2","PC:5.2948g | EMC:5.2994g | LiPF6:2.4065g","10.0","5.2948","0.0","5.2994","2.4065","0.0043654109924297","-5.57302617430941"
"liquid","PYA_30032021_BM073_2","PC:5.2948g | EMC:5.2994g | LiPF6:2.4065g","20.0","5.2948","0.0","5.2994","2.4065","0.0070523189054198","-5.243979835258632"
"liquid","PYA_30032021_BM073_2","PC:5.2948g | EMC:5.2994g | LiPF6:2.4065g","30.0","5.2948","0.0","5.2994","2.4065","0.0075455893140925","-4.936641979734212"
"liquid","PYA_30032021_BM073_2","PC:5.2948g | EMC:5.2994g | LiPF6:2.4065g","40.0","5.2948","0.0","5.2994","2.4065","0.0080554496361223","-4.648932919070044"
"liquid","PYA_30032021_BM073_2","PC:5.2948g | EMC:5.2994g | LiPF6:2.4065g","50.0","5.2948","0.0","5.2994","2.4065","0.0117777912336954","-4.379030391635904"
"liquid","PYA_30032021_BM073_2","PC:5.2948g | EMC:5.2994g | LiPF6:2.4065g","60.0","5.2948","0.0","5.2994","2.4065","0.0136481056048201","-4.125330927532644"
"liquid","PYA_30032021_BM073_3","PC:5.2948g | EMC:5.2994g | LiPF6:2.4065g","-30.0","5.2948","0.0","5.2994","2.4065","0.0005725044103876","-7.305759330755393"
"liquid","PYA_30032021_BM073_3","PC:5.2948g | EMC:5.2994g | LiPF6:2.4065g","-20.0","5.2948","0.0","5.2994","2.4065","0.0010605326645919","-6.862153239114095"
"liquid","PYA_30032021_BM073_3","PC:5.2948g | EMC:5.2994g | LiPF6:2.4065g","-10.0","5.2948","0.0","5.2994","2.4065","0.0017281785376479","-6.452262221889768"
"liquid","PYA_30032021_BM073_3","PC:5.2948g | EMC:5.2994g | LiPF6:2.4065g","0.0","5.2948","0.0","5.2994","2.4065","0.0024339410320738","-6.072383360420471"
"liquid","PYA_30032021_BM073_3","PC:5.2948g | EMC:5.2994g | LiPF6:2.4065g","10.0","5.2948","0.0","5.2994","2.4065","0.0036332129909294","-5.719336839510545"
"liquid","PYA_30032021_BM073_3","PC:5.2948g | EMC:5.2994g | LiPF6:2.4065g","20.0","5.2948","0.0","5.2994","2.4065","0.0042784719594852","-5.3903767263038365"
"liquid","PYA_30032021_BM073_3","PC:5.2948g | EMC:5.2994g | LiPF6:2.4065g","30.0","5.2948","0.0","5.2994","2.4065","0.0074438504033597","-5.0831194079648"
"liquid","PYA_30032021_BM073_3","PC:5.2948g | EMC:5.2994g | LiPF6:2.4065g","40.0","5.2948","0.0","5.2994","2.4065","0.0074457161460773","-4.795485740805006"
"liquid","PYA_30032021_BM073_3","PC:5.2948g | EMC:5.2994g | LiPF6:2.4065g","50.0","5.2948","0.0","5.2994","2.4065","0.0101667299445863","-4.525653940713747"
"liquid","PYA_30032021_BM073_3","PC:5.2948g | EMC:5.2994g | LiPF6:2.4065g","60.0","5.2948","0.0","5.2994","2.4065","0.0132437242132668","-4.272020957977507"
"liquid","PYA_30032021_BM073_4","PC:5.2948g | EMC:5.2994g | LiPF6:2.4065g","-30.0","5.2948","0.0","5.2994","2.4065","0.0005932107814187","-7.229265529372864"
"liquid","PYA_30032021_BM073_4","PC:5.2948g | EMC:5.2994g | LiPF6:2.4065g","-20.0","5.2948","0.0","5.2994","2.4065","0.0009571063813259","-6.7940317752860775"
"liquid","PYA_30032021_BM073_4","PC:5.2948g | EMC:5.2994g | LiPF6:2.4065g","-10.0","5.2948","0.0","5.2994","2.4065","0.0018741286337668","-6.391876778872616"
"liquid","PYA_30032021_BM073_4","PC:5.2948g | EMC:5.2994g | LiPF6:2.4065g","0.0","5.2948","0.0","5.2994","2.4065","0.0028717105796935","-6.019167507988239"
"liquid","PYA_30032021_BM073_4","PC:5.2948g | EMC:5.2994g | LiPF6:2.4065g","10.0","5.2948","0.0","5.2994","2.4065","0.0040054384040487","-5.672784161234844"
"liquid","PYA_30032021_BM073_4","PC:5.2948g | EMC:5.2994g | LiPF6:2.4065g","20.0","5.2948","0.0","5.2994","2.4065","0.0055501526371255","-5.350032630736157"
"liquid","PYA_30032021_BM073_4","PC:5.2948g | EMC:5.2994g | LiPF6:2.4065g","30.0","5.2948","0.0","5.2994","2.4065","0.0071962050133404","-5.048574290440255"
"liquid","PYA_30032021_BM073_4","PC:5.2948g | EMC:5.2994g | LiPF6:2.4065g","40.0","5.2948","0.0","5.2994","2.4065","0.0088636616165673","-4.766369237086449"
"liquid","PYA_30032021_BM073_4","PC:5.2948g | EMC:5.2994g | LiPF6:2.4065g","50.0","5.2948","0.0","5.2994","2.4065","0.0095931167011711","-4.501630069751757"
"liquid","PYA_30032021_BM073_4","PC:5.2948g | EMC:5.2994g | LiPF6:2.4065g","60.0","5.2948","0.0","5.2994","2.4065","0.0112008905309161","-4.252783993657328"
"liquid","PYA_31082021_BM170_2","PC:1.4988g | EC:1.5063g | EMC:7.215g | LiPF6:1.861g","-30.0","1.4988","1.5063","7.215","1.861","0.0018816446419864","-6.224409385504225"
"liquid","PYA_31082021_BM170_2","PC:1.4988g | EC:1.5063g | EMC:7.215g | LiPF6:1.861g","-20.0","1.4988","1.5063","7.215","1.861","0.0027458126515724","-5.917355706636618"
"liquid","PYA_31082021_BM170_2","PC:1.4988g | EC:1.5063g | EMC:7.215g | LiPF6:1.861g","-10.0","1.4988","1.5063","7.215","1.861","0.0036398271797269","-5.63363880746634"
"liquid","PYA_31082021_BM170_2","PC:1.4988g | EC:1.5063g | EMC:7.215g | LiPF6:1.861g","0.0","1.4988","1.5063","7.215","1.861","0.0044276326024329","-5.370695614989841"
"liquid","PYA_31082021_BM170_2","PC:1.4988g | EC:1.5063g | EMC:7.215g | LiPF6:1.861g","10.0","1.4988","1.5063","7.215","1.861","0.0060237472818287","-5.126325136091056"
"liquid","PYA_31082021_BM170_2","PC:1.4988g | EC:1.5063g | EMC:7.215g | LiPF6:1.861g","20.0","1.4988","1.5063","7.215","1.861","0.0074490472242018","-4.898626700780795"
"liquid","PYA_31082021_BM170_2","PC:1.4988g | EC:1.5063g | EMC:7.215g | LiPF6:1.861g","30.0","1.4988","1.5063","7.215","1.861","0.010824560511969","-4.6859504284466365"
"liquid","PYA_31082021_BM170_2","PC:1.4988g | EC:1.5063g | EMC:7.215g | LiPF6:1.861g","40.0","1.4988","1.5063","7.215","1.861","0.0110660962493384","-4.486857184842105"
"liquid","PYA_31082021_BM170_2","PC:1.4988g | EC:1.5063g | EMC:7.215g | LiPF6:1.861g","50.0","1.4988","1.5063","7.215","1.861","0.0143200530674776","-4.300085973953312"
"liquid","PYA_31082021_BM170_2","PC:1.4988g | EC:1.5063g | EMC:7.215g | LiPF6:1.861g","60.0","1.4988","1.5063","7.215","1.861","0.013955809417471","-4.124527202559569"
"liquid","PYA_31082021_BM170_3","PC:1.4988g | EC:1.5063g | EMC:7.215g | LiPF6:1.861g","-30.0","1.4988","1.5063","7.215","1.861","0.0021187071995757","-5.959633351259352"
"liquid","PYA_31082021_BM170_3","PC:1.4988g | EC:1.5063g | EMC:7.215g | LiPF6:1.861g","-20.0","1.4988","1.5063","7.215","1.861","0.0033533317272752","-5.692718047032534"
"liquid","PYA_31082021_BM170_3","PC:1.4988g | EC:1.5063g | EMC:7.215g | LiPF6:1.861g","-10.0","1.4988","1.5063","7.215","1.861","0.0041502465949179","-5.446088914512103"
"liquid","PYA_31082021_BM170_3","PC:1.4988g | EC:1.5063g | EMC:7.215g | LiPF6:1.861g","0.0","1.4988","1.5063","7.215","1.861","0.0066044011094855","-5.217517928249805"
"liquid","PYA_31082021_BM170_3","PC:1.4988g | EC:1.5063g | EMC:7.215g | LiPF6:1.861g","10.0","1.4988","1.5063","7.215","1.861","0.0079355235408782","-5.005091811227294"
"liquid","PYA_31082021_BM170_3","PC:1.4988g | EC:1.5063g | EMC:7.215g | LiPF6:1.861g","20.0","1.4988","1.5063","7.215","1.861","0.0092457748587564","-4.8071583510031815"
"liquid","PYA_31082021_BM170_3","PC:1.4988g | EC:1.5063g | EMC:7.215g | LiPF6:1.861g","30.0","1.4988","1.5063","7.215","1.861","0.0096783431638875","-4.622283341065997"
"liquid","PYA_31082021_BM170_3","PC:1.4988g | EC:1.5063g | EMC:7.215g | LiPF6:1.861g","40.0","1.4988","1.5063","7.215","1.861","0.0114131355647336","-4.449215772287182"
"liquid","PYA_31082021_BM170_3","PC:1.4988g | EC:1.5063g | EMC:7.215g | LiPF6:1.861g","50.0","1.4988","1.5063","7.215","1.861","0.0128508247462105","-4.286859487356662"
"liquid","PYA_31082021_BM170_3","PC:1.4988g | EC:1.5063g | EMC:7.215g | LiPF6:1.861g","60.0","1.4988","1.5063","7.215","1.861","0.0138944806382753","-4.134249940227764"
"liquid","PYA_31082021_BM170_4","PC:1.4988g | EC:1.5063g | EMC:7.215g | LiPF6:1.861g","-30.0","1.4988","1.5063","7.215","1.861","0.0018051696652189","-6.255656226694966"
"liquid","PYA_31082021_BM170_4","PC:1.4988g | EC:1.5063g | EMC:7.215g | LiPF6:1.861g","-20.0","1.4988","1.5063","7.215","1.861","0.0026343922630289","-5.95956827432572"
"liquid","PYA_31082021_BM170_4","PC:1.4988g | EC:1.5063g | EMC:7.215g | LiPF6:1.861g","-10.0","1.4988","1.5063","7.215","1.861","0.0035392151606146","-5.685983681437318"
"liquid","PYA_31082021_BM170_4","PC:1.4988g | EC:1.5063g | EMC:7.215g | LiPF6:1.861g","0.0","1.4988","1.5063","7.215","1.861","0.0044692437320337","-5.432430909371791"
"liquid","PYA_31082021_BM170_4","PC:1.4988g | EC:1.5063g | EMC:7.215g | LiPF6:1.861g","10.0","1.4988","1.5063","7.215","1.861","0.0056445373061274","-5.196787568495778"
"liquid","PYA_31082021_BM170_4","PC:1.4988g | EC:1.5063g | EMC:7.215g | LiPF6:1.861g","20.0","1.4988","1.5063","7.215","1.861","0.0063603569694174","-4.977220866942705"
"liquid","PYA_31082021_BM170_4","PC:1.4988g | EC:1.5063g | EMC:7.215g | LiPF6:1.861g","30.0","1.4988","1.5063","7.215","1.861","0.0089925102004143","-4.772139845848355"
"liquid","PYA_31082021_BM170_4","PC:1.4988g | EC:1.5063g | EMC:7.215g | LiPF6:1.861g","40.0","1.4988","1.5063","7.215","1.861","0.0107870999854475","-4.580156766385448"
"liquid","PYA_31082021_BM170_4","PC:1.4988g | EC:1.5063g | EMC:7.215g | LiPF6:1.861g","50.0","1.4988","1.5063","7.215","1.861","0.011694824967947","-4.400055666155897"
"liquid","PYA_31082021_BM170_4","PC:1.4988g | EC:1.5063g | EMC:7.215g | LiPF6:1.861g","60.0","1.4988","1.5063","7.215","1.861","0.0141780207570915","-4.230766578547058"
"liquid","PYA_31082021_BM170_6","PC:1.4988g | EC:1.5063g | EMC:7.215g | LiPF6:1.861g","-30.0","1.4988","1.5063","7.215","1.861","0.0019173639166323","-6.200903510249638"
"liquid","PYA_31082021_BM170_6","PC:1.4988g | EC:1.5063g | EMC:7.215g | LiPF6:1.861g","-20.0","1.4988","1.5063","7.215","1.861","0.0027627651468168","-5.903313490366557"
"liquid","PYA_31082021_BM170_6","PC:1.4988g | EC:1.5063g | EMC:7.215g | LiPF6:1.861g","-10.0","1.4988","1.5063","7.215","1.861","0.003705308531182","-5.628340990520191"
"liquid","PYA_31082021_BM170_6","PC:1.4988g | EC:1.5063g | EMC:7.215g | LiPF6:1.861g","0.0","1.4988","1.5063","7.215","1.861","0.0044956608598732","-5.373501933825672"
"liquid","PYA_31082021_BM170_6","PC:1.4988g | EC:1.5063g | EMC:7.215g | LiPF6:1.861g","10.0","1.4988","1.5063","7.215","1.861","0.0059528372580046","-5.136663163671469"
"liquid","PYA_31082021_BM170_6","PC:1.4988g | EC:1.5063g | EMC:7.215g | LiPF6:1.861g","20.0","1.4988","1.5063","7.215","1.861","0.007574214388851","-4.915982590355349"
"liquid","PYA_31082021_BM170_6","PC:1.4988g | EC:1.5063g | EMC:7.215g | LiPF6:1.861g","30.0","1.4988","1.5063","7.215","1.861","0.0095991758319456","-4.709861184007141"
"liquid","PYA_31082021_BM170_6","PC:1.4988g | EC:1.5063g | EMC:7.215g | LiPF6:1.861g","40.0","1.4988","1.5063","7.215","1.861","0.0114984600029964","-4.516904165738013"
"liquid","PYA_31082021_BM170_6","PC:1.4988g | EC:1.5063g | EMC:7.215g | LiPF6:1.861g","50.0","1.4988","1.5063","7.215","1.861","0.0128320253332143","-4.33588940451788"
"liquid","PYA_31082021_BM170_6","PC:1.4988g | EC:1.5063g | EMC:7.215g | LiPF6:1.861g","60.0","1.4988","1.5063","7.215","1.861","0.0140966382026042","-4.165741505745301"
"liquid","PYA_31082021_BM171_1","PC:1.5112g | EC:1.5076g | EMC:7.202000000000001g | LiPF6:1.2229g","-30.0","1.5112","1.5076","7.202000000000001","1.2229","0.0014513454201835","-6.433055840196203"
"liquid","PYA_31082021_BM171_1","PC:1.5112g | EC:1.5076g | EMC:7.202000000000001g | LiPF6:1.2229g","-20.0","1.5112","1.5076","7.202000000000001","1.2229","0.0022652214168225","-6.078112263701724"
"liquid","PYA_31082021_BM171_1","PC:1.5112g | EC:1.5076g | EMC:7.202000000000001g | LiPF6:1.2229g","-10.0","1.5112","1.5076","7.202000000000001","1.2229","0.0032664599860696","-5.75014520831646"
"liquid","PYA_31082021_BM171_1","PC:1.5112g | EC:1.5076g | EMC:7.202000000000001g | LiPF6:1.2229g","0.0","1.5112","1.5076","7.202000000000001","1.2229","0.0043428419425725","-5.446191849097056"
"liquid","PYA_31082021_BM171_1","PC:1.5112g | EC:1.5076g | EMC:7.202000000000001g | LiPF6:1.2229g","10.0","1.5112","1.5076","7.202000000000001","1.2229","0.0057441972546701","-5.1637079130964"
"liquid","PYA_31082021_BM171_1","PC:1.5112g | EC:1.5076g | EMC:7.202000000000001g | LiPF6:1.2229g","20.0","1.5112","1.5076","7.202000000000001","1.2229","0.0078848715871416","-4.9004962906554"
"liquid","PYA_31082021_BM171_1","PC:1.5112g | EC:1.5076g | EMC:7.202000000000001g | LiPF6:1.2229g","30.0","1.5112","1.5076","7.202000000000001","1.2229","0.0115206350820567","-4.654649776077899"
"liquid","PYA_31082021_BM171_1","PC:1.5112g | EC:1.5076g | EMC:7.202000000000001g | LiPF6:1.2229g","40.0","1.5112","1.5076","7.202000000000001","1.2229","0.0130192912132721","-4.424504779276384"
"liquid","PYA_31082021_BM171_1","PC:1.5112g | EC:1.5076g | EMC:7.202000000000001g | LiPF6:1.2229g","50.0","1.5112","1.5076","7.202000000000001","1.2229","0.0150226920724733","-4.20860363188236"
"liquid","PYA_31082021_BM171_1","PC:1.5112g | EC:1.5076g | EMC:7.202000000000001g | LiPF6:1.2229g","60.0","1.5112","1.5076","7.202000000000001","1.2229","0.0139677668853101","-4.005663681990603"
"liquid","PYA_31082021_BM171_2","PC:1.5112g | EC:1.5076g | EMC:7.202000000000001g | LiPF6:1.2229g","-30.0","1.5112","1.5076","7.202000000000001","1.2229","0.0014021947555069","-6.477142613761296"
"liquid","PYA_31082021_BM171_2","PC:1.5112g | EC:1.5076g | EMC:7.202000000000001g | LiPF6:1.2229g","-20.0","1.5112","1.5076","7.202000000000001","1.2229","0.0022137563762701","-6.137573343488177"
"liquid","PYA_31082021_BM171_2","PC:1.5112g | EC:1.5076g | EMC:7.202000000000001g | LiPF6:1.2229g","-10.0","1.5112","1.5076","7.202000000000001","1.2229","0.0031098464199154","-5.823812111996978"
"liquid","PYA_31082021_BM171_2","PC:1.5112g | EC:1.5076g | EMC:7.202000000000001g | LiPF6:1.2229g","0.0","1.5112","1.5076","7.202000000000001","1.2229","0.0040486002812688","-5.533024428482436"
"liquid","PYA_31082021_BM171_2","PC:1.5112g | EC:1.5076g | EMC:7.202000000000001g | LiPF6:1.2229g","10.0","1.5112","1.5076","7.202000000000001","1.2229","0.0054540673026814","-5.262776224644006"
"liquid","PYA_31082021_BM171_2","PC:1.5112g | EC:1.5076g | EMC:7.202000000000001g | LiPF6:1.2229g","20.0","1.5112","1.5076","7.202000000000001","1.2229","0.0068463469155442","-5.0109655581645"
"liquid","PYA_31082021_BM171_2","PC:1.5112g | EC:1.5076g | EMC:7.202000000000001g | LiPF6:1.2229g","30.0","1.5112","1.5076","7.202000000000001","1.2229","0.0076778417844112","-4.7757678335606"
"liquid","PYA_31082021_BM171_2","PC:1.5112g | EC:1.5076g | EMC:7.202000000000001g | LiPF6:1.2229g","40.0","1.5112","1.5076","7.202000000000001","1.2229","0.0107237105514229","-4.555591518798878"
"liquid","PYA_31082021_BM171_2","PC:1.5112g | EC:1.5076g | EMC:7.202000000000001g | LiPF6:1.2229g","50.0","1.5112","1.5076","7.202000000000001","1.2229","0.0142728413104674","-4.3490420841090565"
"liquid","PYA_31082021_BM171_2","PC:1.5112g | EC:1.5076g | EMC:7.202000000000001g | LiPF6:1.2229g","60.0","1.5112","1.5076","7.202000000000001","1.2229","0.0140420938508788","-4.154892435382904"
"liquid","PYA_31082021_BM171_3","PC:1.5112g | EC:1.5076g | EMC:7.202000000000001g | LiPF6:1.2229g","-30.0","1.5112","1.5076","7.202000000000001","1.2229","0.0013820682048411","-6.483217154433777"
"liquid","PYA_31082021_BM171_3","PC:1.5112g | EC:1.5076g | EMC:7.202000000000001g | LiPF6:1.2229g","-20.0","1.5112","1.5076","7.202000000000001","1.2229","0.0021896632721476","-6.134604575651477"
"liquid","PYA_31082021_BM171_3","PC:1.5112g | EC:1.5076g | EMC:7.202000000000001g | LiPF6:1.2229g","-10.0","1.5112","1.5076","7.202000000000001","1.2229","0.0031147110630698","-5.812487347717156"
"liquid","PYA_31082021_BM171_3","PC:1.5112g | EC:1.5076g | EMC:7.202000000000001g | LiPF6:1.2229g","0.0","1.5112","1.5076","7.202000000000001","1.2229","0.0041541339096344","-5.513955492503636"
"liquid","PYA_31082021_BM171_3","PC:1.5112g | EC:1.5076g | EMC:7.202000000000001g | LiPF6:1.2229g","10.0","1.5112","1.5076","7.202000000000001","1.2229","0.0055139888727459","-5.236510118322326"
"liquid","PYA_31082021_BM171_3","PC:1.5112g | EC:1.5076g | EMC:7.202000000000001g | LiPF6:1.2229g","20.0","1.5112","1.5076","7.202000000000001","1.2229","0.0070921479364313","-4.977993304549088"
"liquid","PYA_31082021_BM171_3","PC:1.5112g | EC:1.5076g | EMC:7.202000000000001g | LiPF6:1.2229g","30.0","1.5112","1.5076","7.202000000000001","1.2229","0.0092857927108137","-4.736531863612613"
"liquid","PYA_31082021_BM171_3","PC:1.5112g | EC:1.5076g | EMC:7.202000000000001g | LiPF6:1.2229g","40.0","1.5112","1.5076","7.202000000000001","1.2229","0.0109601647575863","-4.510491878268439"
"liquid","PYA_31082021_BM171_3","PC:1.5112g | EC:1.5076g | EMC:7.202000000000001g | LiPF6:1.2229g","50.0","1.5112","1.5076","7.202000000000001","1.2229","0.0138843328345264","-4.2984416800413445"
"liquid","PYA_31082021_BM171_3","PC:1.5112g | EC:1.5076g | EMC:7.202000000000001g | LiPF6:1.2229g","60.0","1.5112","1.5076","7.202000000000001","1.2229","0.0146851706090681","-4.099121495215245"
"liquid","PYA_31082021_BM171_4","PC:1.5112g | EC:1.5076g | EMC:7.202000000000001g | LiPF6:1.2229g","-30.0","1.5112","1.5076","7.202000000000001","1.2229","0.0015528339582373","-6.322961267110896"
"liquid","PYA_31082021_BM171_4","PC:1.5112g | EC:1.5076g | EMC:7.202000000000001g | LiPF6:1.2229g","-20.0","1.5112","1.5076","7.202000000000001","1.2229","0.0024938970640257","-5.98105330547687"
"liquid","PYA_31082021_BM171_4","PC:1.5112g | EC:1.5076g | EMC:7.202000000000001g | LiPF6:1.2229g","-10.0","1.5112","1.5076","7.202000000000001","1.2229","0.0035721755035278","-5.665131128500568"
"liquid","PYA_31082021_BM171_4","PC:1.5112g | EC:1.5076g | EMC:7.202000000000001g | LiPF6:1.2229g","0.0","1.5112","1.5076","7.202000000000001","1.2229","0.0050035936285074","-5.3723407235891605"
"liquid","PYA_31082021_BM171_4","PC:1.5112g | EC:1.5076g | EMC:7.202000000000001g | LiPF6:1.2229g","10.0","1.5112","1.5076","7.202000000000001","1.2229","0.0069238521560162","-5.100231258456064"
"liquid","PYA_31082021_BM171_4","PC:1.5112g | EC:1.5076g | EMC:7.202000000000001g | LiPF6:1.2229g","20.0","1.5112","1.5076","7.202000000000001","1.2229","0.0080801819496699","-4.846686314225787"
"liquid","PYA_31082021_BM171_4","PC:1.5112g | EC:1.5076g | EMC:7.202000000000001g | LiPF6:1.2229g","30.0","1.5112","1.5076","7.202000000000001","1.2229","0.0103545527544486","-4.609868729007899"
"liquid","PYA_31082021_BM171_4","PC:1.5112g | EC:1.5076g | EMC:7.202000000000001g | LiPF6:1.2229g","40.0","1.5112","1.5076","7.202000000000001","1.2229","0.0130276679682249","-4.38817600952323"
"liquid","PYA_31082021_BM171_4","PC:1.5112g | EC:1.5076g | EMC:7.202000000000001g | LiPF6:1.2229g","50.0","1.5112","1.5076","7.202000000000001","1.2229","0.0151785548520004","-4.180204021555483"
"liquid","PYA_31082021_BM171_4","PC:1.5112g | EC:1.5076g | EMC:7.202000000000001g | LiPF6:1.2229g","60.0","1.5112","1.5076","7.202000000000001","1.2229","0.0154893315097908","-3.984717219718173"
"liquid","PYA_31082021_BM171_6","PC:1.5112g | EC:1.5076g | EMC:7.202000000000001g | LiPF6:1.2229g","-30.0","1.5112","1.5076","7.202000000000001","1.2229","0.0014788140459434","-6.348696652394635"
"liquid","PYA_31082021_BM171_6","PC:1.5112g | EC:1.5076g | EMC:7.202000000000001g | LiPF6:1.2229g","-20.0","1.5112","1.5076","7.202000000000001","1.2229","0.0024420332517053","-6.007138341377852"
"liquid","PYA_31082021_BM171_6","PC:1.5112g | EC:1.5076g | EMC:7.202000000000001g | LiPF6:1.2229g","-10.0","1.5112","1.5076","7.202000000000001","1.2229","0.0036493944933013","-5.691539240774656"
"liquid","PYA_31082021_BM171_6","PC:1.5112g | EC:1.5076g | EMC:7.202000000000001g | LiPF6:1.2229g","0.0","1.5112","1.5076","7.202000000000001","1.2229","0.0048898037703007","-5.399048256635176"
"liquid","PYA_31082021_BM171_6","PC:1.5112g | EC:1.5076g | EMC:7.202000000000001g | LiPF6:1.2229g","10.0","1.5112","1.5076","7.202000000000001","1.2229","0.0061826842807332","-5.127217063005283"
"liquid","PYA_31082021_BM171_6","PC:1.5112g | EC:1.5076g | EMC:7.202000000000001g | LiPF6:1.2229g","20.0","1.5112","1.5076","7.202000000000001","1.2229","0.0076112422036021","-4.873931405355598"
"liquid","PYA_31082021_BM171_6","PC:1.5112g | EC:1.5076g | EMC:7.202000000000001g | LiPF6:1.2229g","30.0","1.5112","1.5076","7.202000000000001","1.2229","0.0113890404618587","-4.6373560005609145"
"liquid","PYA_31082021_BM171_6","PC:1.5112g | EC:1.5076g | EMC:7.202000000000001g | LiPF6:1.2229g","40.0","1.5112","1.5076","7.202000000000001","1.2229","0.014063275197273","-4.415889994124504"
"liquid","PYA_31082021_BM171_6","PC:1.5112g | EC:1.5076g | EMC:7.202000000000001g | LiPF6:1.2229g","50.0","1.5112","1.5076","7.202000000000001","1.2229","0.0122743137846076","-4.208130687761524"
"liquid","PYA_31082021_BM171_6","PC:1.5112g | EC:1.5076g | EMC:7.202000000000001g | LiPF6:1.2229g","60.0","1.5112","1.5076","7.202000000000001","1.2229","0.0157190044317364","-4.012843799610338"
"liquid","PYA_31082021_BM172_1","PC:1.5116g | EC:1.4976g | EMC:7.2021g | LiPF6:3.2525g","-30.0","1.5116","1.4976","7.2021","3.2525","0.0003186163923973","-7.79007672693834"
"liquid","PYA_31082021_BM172_1","PC:1.5116g | EC:1.4976g | EMC:7.2021g | LiPF6:3.2525g","-20.0","1.5116","1.4976","7.2021","3.2525","0.0007155734410665","-7.270077813369944"
"liquid","PYA_31082021_BM172_1","PC:1.5116g | EC:1.4976g | EMC:7.2021g | LiPF6:3.2525g","-10.0","1.5116","1.4976","7.2021","3.2525","0.0012424706577846","-6.789600002865839"
"liquid","PYA_31082021_BM172_1","PC:1.5116g | EC:1.4976g | EMC:7.2021g | LiPF6:3.2525g","0.0","1.5116","1.4976","7.2021","3.2525","0.0020152374228053","-6.344302702008749"
"liquid","PYA_31082021_BM172_1","PC:1.5116g | EC:1.4976g | EMC:7.2021g | LiPF6:3.2525g","10.0","1.5116","1.4976","7.2021","3.2525","0.003038184824877","-5.930458503807996"
"liquid","PYA_31082021_BM172_1","PC:1.5116g | EC:1.4976g | EMC:7.2021g | LiPF6:3.2525g","20.0","1.5116","1.4976","7.2021","3.2525","0.0039924514482579","-5.54484860191976"
"liquid","PYA_31082021_BM172_1","PC:1.5116g | EC:1.4976g | EMC:7.2021g | LiPF6:3.2525g","30.0","1.5116","1.4976","7.2021","3.2525","0.0058153090354733","-5.184678904675316"
"liquid","PYA_31082021_BM172_1","PC:1.5116g | EC:1.4976g | EMC:7.2021g | LiPF6:3.2525g","40.0","1.5116","1.4976","7.2021","3.2525","0.0082377251384373","-4.847512221784658"
"liquid","PYA_31082021_BM172_1","PC:1.5116g | EC:1.4976g | EMC:7.2021g | LiPF6:3.2525g","50.0","1.5116","1.4976","7.2021","3.2525","0.0101488803290439","-4.531213042090084"
"liquid","PYA_31082021_BM172_1","PC:1.5116g | EC:1.4976g | EMC:7.2021g | LiPF6:3.2525g","60.0","1.5116","1.4976","7.2021","3.2525","0.012052045314178","-4.233902256794099"
"liquid","PYA_31082021_BM172_2","PC:1.5116g | EC:1.4976g | EMC:7.2021g | LiPF6:3.2525g","-30.0","1.5116","1.4976","7.2021","3.2525","0.0003179925965683","-7.750459781463306"
"liquid","PYA_31082021_BM172_2","PC:1.5116g | EC:1.4976g | EMC:7.2021g | LiPF6:3.2525g","-20.0","1.5116","1.4976","7.2021","3.2525","0.0007142893831121","-7.24496003633862"
"liquid","PYA_31082021_BM172_2","PC:1.5116g | EC:1.4976g | EMC:7.2021g | LiPF6:3.2525g","-10.0","1.5116","1.4976","7.2021","3.2525","0.0013073048908579","-6.777879424417407"
"liquid","PYA_31082021_BM172_2","PC:1.5116g | EC:1.4976g | EMC:7.2021g | LiPF6:3.2525g","0.0","1.5116","1.4976","7.2021","3.2525","0.0021652218479231","-6.344998381371989"
"liquid","PYA_31082021_BM172_2","PC:1.5116g | EC:1.4976g | EMC:7.2021g | LiPF6:3.2525g","10.0","1.5116","1.4976","7.2021","3.2525","0.0028121231563583","-5.942693431778483"
"liquid","PYA_31082021_BM172_2","PC:1.5116g | EC:1.4976g | EMC:7.2021g | LiPF6:3.2525g","20.0","1.5116","1.4976","7.2021","3.2525","0.0042937871319586","-5.567835519510135"
"liquid","PYA_31082021_BM172_2","PC:1.5116g | EC:1.4976g | EMC:7.2021g | LiPF6:3.2525g","30.0","1.5116","1.4976","7.2021","3.2525","0.0058064431872797","-5.2177084607643565"
"liquid","PYA_31082021_BM172_2","PC:1.5116g | EC:1.4976g | EMC:7.2021g | LiPF6:3.2525g","40.0","1.5116","1.4976","7.2021","3.2525","0.0071646372726065","-4.889943021609557"
"liquid","PYA_31082021_BM172_2","PC:1.5116g | EC:1.4976g | EMC:7.2021g | LiPF6:3.2525g","50.0","1.5116","1.4976","7.2021","3.2525","0.0093577716598877","-4.582463235504726"
"liquid","PYA_31082021_BM172_2","PC:1.5116g | EC:1.4976g | EMC:7.2021g | LiPF6:3.2525g","60.0","1.5116","1.4976","7.2021","3.2525","0.0116049433744734","-4.293442388982951"
"liquid","PYA_31082021_BM172_3","PC:1.5116g | EC:1.4976g | EMC:7.2021g | LiPF6:3.2525g","-30.0","1.5116","1.4976","7.2021","3.2525","0.0003257123317488","-7.708745848362185"
"liquid","PYA_31082021_BM172_3","PC:1.5116g | EC:1.4976g | EMC:7.2021g | LiPF6:3.2525g","-20.0","1.5116","1.4976","7.2021","3.2525","0.0007439635122844","-7.203244050026032"
"liquid","PYA_31082021_BM172_3","PC:1.5116g | EC:1.4976g | EMC:7.2021g | LiPF6:3.2525g","-10.0","1.5116","1.4976","7.2021","3.2525","0.0014187705004223","-6.736161540942102"
"liquid","PYA_31082021_BM172_3","PC:1.5116g | EC:1.4976g | EMC:7.2021g | LiPF6:3.2525g","0.0","1.5116","1.4976","7.2021","3.2525","0.0021750622995841","-6.3032787396439245"
"liquid","PYA_31082021_BM172_3","PC:1.5116g | EC:1.4976g | EMC:7.2021g | LiPF6:3.2525g","10.0","1.5116","1.4976","7.2021","3.2525","0.0031704404122808","-5.900972155989979"
"liquid","PYA_31082021_BM172_3","PC:1.5116g | EC:1.4976g | EMC:7.2021g | LiPF6:3.2525g","20.0","1.5116","1.4976","7.2021","3.2525","0.0041357963907782","-5.526112721144078"
"liquid","PYA_31082021_BM172_3","PC:1.5116g | EC:1.4976g | EMC:7.2021g | LiPF6:3.2525g","30.0","1.5116","1.4976","7.2021","3.2525","0.0058118349894297","-5.175984240271188"
"liquid","PYA_31082021_BM172_3","PC:1.5116g | EC:1.4976g | EMC:7.2021g | LiPF6:3.2525g","40.0","1.5116","1.4976","7.2021","3.2525","0.0079442359397042","-4.848217469816494"
"liquid","PYA_31082021_BM172_3","PC:1.5116g | EC:1.4976g | EMC:7.2021g | LiPF6:3.2525g","50.0","1.5116","1.4976","7.2021","3.2525","0.0102359295370406","-4.54073643480693"
"liquid","PYA_31082021_BM172_3","PC:1.5116g | EC:1.4976g | EMC:7.2021g | LiPF6:3.2525g","60.0","1.5116","1.4976","7.2021","3.2525","0.0114873195146298","-4.251714414355946"
"liquid","PYA_31082021_BM172_4","PC:1.5116g | EC:1.4976g | EMC:7.2021g | LiPF6:3.2525g","-30.0","1.5116","1.4976","7.2021","3.2525","0.000333403402614","-7.744154260236579"
"liquid","PYA_31082021_BM172_4","PC:1.5116g | EC:1.4976g | EMC:7.2021g | LiPF6:3.2525g","-20.0","1.5116","1.4976","7.2021","3.2525","0.000762155827793","-7.229988796586801"
"liquid","PYA_31082021_BM172_4","PC:1.5116g | EC:1.4976g | EMC:7.2021g | LiPF6:3.2525g","-10.0","1.5116","1.4976","7.2021","3.2525","0.0013172996267422","-6.7549010805068335"
"liquid","PYA_31082021_BM172_4","PC:1.5116g | EC:1.4976g | EMC:7.2021g | LiPF6:3.2525g","0.0","1.5116","1.4976","7.2021","3.2525","0.0020381738966786","-6.314599212208666"
"liquid","PYA_31082021_BM172_4","PC:1.5116g | EC:1.4976g | EMC:7.2021g | LiPF6:3.2525g","10.0","1.5116","1.4976","7.2021","3.2525","0.002984776115372","-5.905397599485156"
"liquid","PYA_31082021_BM172_4","PC:1.5116g | EC:1.4976g | EMC:7.2021g | LiPF6:3.2525g","20.0","1.5116","1.4976","7.2021","3.2525","0.0042651690423685","-5.524113545194085"
"liquid","PYA_31082021_BM172_4","PC:1.5116g | EC:1.4976g | EMC:7.2021g | LiPF6:3.2525g","30.0","1.5116","1.4976","7.2021","3.2525","0.0059140920447189","-5.167984302335711"
"liquid","PYA_31082021_BM172_4","PC:1.5116g | EC:1.4976g | EMC:7.2021g | LiPF6:3.2525g","40.0","1.5116","1.4976","7.2021","3.2525","0.0073688096561941","-4.834600021499265"
"liquid","PYA_31082021_BM172_4","PC:1.5116g | EC:1.4976g | EMC:7.2021g | LiPF6:3.2525g","50.0","1.5116","1.4976","7.2021","3.2525","0.0102299643225413","-4.521849148110535"
"liquid","PYA_31082021_BM172_4","PC:1.5116g | EC:1.4976g | EMC:7.2021g | LiPF6:3.2525g","60.0","1.5116","1.4976","7.2021","3.2525","0.0133369388431694","-4.227873653583503"
"liquid","PYA_31082021_BM172_7","PC:1.5116g | EC:1.4976g | EMC:7.2021g | LiPF6:3.2525g","-30.0","1.5116","1.4976","7.2021","3.2525","0.0003508178261311","-7.653839930782331"
"liquid","PYA_31082021_BM172_7","PC:1.5116g | EC:1.4976g | EMC:7.2021g | LiPF6:3.2525g","-20.0","1.5116","1.4976","7.2021","3.2525","0.0007685232085161","-7.155647993405369"
"liquid","PYA_31082021_BM172_7","PC:1.5116g | EC:1.4976g | EMC:7.2021g | LiPF6:3.2525g","-10.0","1.5116","1.4976","7.2021","3.2525","0.0013829040702779","-6.695319779180748"
"liquid","PYA_31082021_BM172_7","PC:1.5116g | EC:1.4976g | EMC:7.2021g | LiPF6:3.2525g","0.0","1.5116","1.4976","7.2021","3.2525","0.0021634887115424","-6.2686967243355625"
"liquid","PYA_31082021_BM172_7","PC:1.5116g | EC:1.4976g | EMC:7.2021g | LiPF6:3.2525g","10.0","1.5116","1.4976","7.2021","3.2525","0.0032636711318696","-5.872207736581684"
"liquid","PYA_31082021_BM172_7","PC:1.5116g | EC:1.4976g | EMC:7.2021g | LiPF6:3.2525g","20.0","1.5116","1.4976","7.2021","3.2525","0.0046266867263552","-5.502768995305983"
"liquid","PYA_31082021_BM172_7","PC:1.5116g | EC:1.4976g | EMC:7.2021g | LiPF6:3.2525g","30.0","1.5116","1.4976","7.2021","3.2525","0.0067295145010545","-5.157703583489342"
"liquid","PYA_31082021_BM172_7","PC:1.5116g | EC:1.4976g | EMC:7.2021g | LiPF6:3.2525g","40.0","1.5116","1.4976","7.2021","3.2525","0.0081937662324119","-4.834676518268047"
"liquid","PYA_31082021_BM172_7","PC:1.5116g | EC:1.4976g | EMC:7.2021g | LiPF6:3.2525g","50.0","1.5116","1.4976","7.2021","3.2525","0.0097120449466608","-4.531641844519523"
"liquid","PYA_31082021_BM172_7","PC:1.5116g | EC:1.4976g | EMC:7.2021g | LiPF6:3.2525g","60.0","1.5116","1.4976","7.2021","3.2525","0.010752929260951","-4.246799256843252"
"liquid","PYA_31082021_BM172_8","PC:1.5116g | EC:1.4976g | EMC:7.2021g | LiPF6:3.2525g","-30.0","1.5116","1.4976","7.2021","3.2525","0.0003172584081243","-7.82017868474412"
"liquid","PYA_31082021_BM172_8","PC:1.5116g | EC:1.4976g | EMC:7.2021g | LiPF6:3.2525g","-20.0","1.5116","1.4976","7.2021","3.2525","0.0006648298230932","-7.311519436409791"
"liquid","PYA_31082021_BM172_8","PC:1.5116g | EC:1.4976g | EMC:7.2021g | LiPF6:3.2525g","-10.0","1.5116","1.4976","7.2021","3.2525","0.0011863003205998","-6.841519450726749"
"liquid","PYA_31082021_BM172_8","PC:1.5116g | EC:1.4976g | EMC:7.2021g | LiPF6:3.2525g","0.0","1.5116","1.4976","7.2021","3.2525","0.0019062153664253","-6.40593279000677"
"liquid","PYA_31082021_BM172_8","PC:1.5116g | EC:1.4976g | EMC:7.2021g | LiPF6:3.2525g","10.0","1.5116","1.4976","7.2021","3.2525","0.0028573588197348","-6.001113331174129"
"liquid","PYA_31082021_BM172_8","PC:1.5116g | EC:1.4976g | EMC:7.2021g | LiPF6:3.2525g","20.0","1.5116","1.4976","7.2021","3.2525","0.0036354623000908","-5.6239124606978"
"liquid","PYA_31082021_BM172_8","PC:1.5116g | EC:1.4976g | EMC:7.2021g | LiPF6:3.2525g","30.0","1.5116","1.4976","7.2021","3.2525","0.0053981226879692","-5.271597017928966"
"liquid","PYA_31082021_BM172_8","PC:1.5116g | EC:1.4976g | EMC:7.2021g | LiPF6:3.2525g","40.0","1.5116","1.4976","7.2021","3.2525","0.0067996161467905","-4.941782960615586"
"liquid","PYA_31082021_BM172_8","PC:1.5116g | EC:1.4976g | EMC:7.2021g | LiPF6:3.2525g","50.0","1.5116","1.4976","7.2021","3.2525","0.0101424975796045","-4.632381346892701"
"liquid","PYA_31082021_BM172_8","PC:1.5116g | EC:1.4976g | EMC:7.2021g | LiPF6:3.2525g","60.0","1.5116","1.4976","7.2021","3.2525","0.0106555315786549","-4.341554045865171"
"liquid","PYA_31082021_BM173_1","PC:2.998g | EMC:7.2006g | LiPF6:0.3009g","-30.0","2.998","0.0","7.2006","0.3009","0.0011297213025345","-6.67418225972464"
"liquid","PYA_31082021_BM173_1","PC:2.998g | EMC:7.2006g | LiPF6:0.3009g","-20.0","2.998","0.0","7.2006","0.3009","0.0015036689736092","-6.466699198143758"
"liquid","PYA_31082021_BM173_1","PC:2.998g | EMC:7.2006g | LiPF6:0.3009g","-10.0","2.998","0.0","7.2006","0.3009","0.0020477070735613","-6.274985322318594"
"liquid","PYA_31082021_BM173_1","PC:2.998g | EMC:7.2006g | LiPF6:0.3009g","0.0","2.998","0.0","7.2006","0.3009","0.002384248855372","-6.0973087063012406"
"liquid","PYA_31082021_BM173_1","PC:2.998g | EMC:7.2006g | LiPF6:0.3009g","10.0","2.998","0.0","7.2006","0.3009","0.0028205300275777","-5.932182089649408"
"liquid","PYA_31082021_BM173_1","PC:2.998g | EMC:7.2006g | LiPF6:0.3009g","20.0","2.998","0.0","7.2006","0.3009","0.0031536835430601","-5.778321146997358"
"liquid","PYA_31082021_BM173_1","PC:2.998g | EMC:7.2006g | LiPF6:0.3009g","30.0","2.998","0.0","7.2006","0.3009","0.0036606775040434","-5.634611016989351"
"liquid","PYA_31082021_BM173_1","PC:2.998g | EMC:7.2006g | LiPF6:0.3009g","40.0","2.998","0.0","7.2006","0.3009","0.0041939063665861","-5.500079244318593"
"liquid","PYA_31082021_BM173_1","PC:2.998g | EMC:7.2006g | LiPF6:0.3009g","50.0","2.998","0.0","7.2006","0.3009","0.0045015461333203","-5.373873745679757"
"liquid","PYA_31082021_BM173_1","PC:2.998g | EMC:7.2006g | LiPF6:0.3009g","60.0","2.998","0.0","7.2006","0.3009","0.0047274394311508","-5.255244744032596"
"liquid","PYA_31082021_BM173_2","PC:2.998g | EMC:7.2006g | LiPF6:0.3009g","-30.0","2.998","0.0","7.2006","0.3009","0.0011055176412766","-6.882854341910837"
"liquid","PYA_31082021_BM173_2","PC:2.998g | EMC:7.2006g | LiPF6:0.3009g","-20.0","2.998","0.0","7.2006","0.3009","0.001484470142372","-6.69865101329903"
"liquid","PYA_31082021_BM173_2","PC:2.998g | EMC:7.2006g | LiPF6:0.3009g","-10.0","2.998","0.0","7.2006","0.3009","0.0018743532854752","-6.52844755765791"
"liquid","PYA_31082021_BM173_2","PC:2.998g | EMC:7.2006g | LiPF6:0.3009g","0.0","2.998","0.0","7.2006","0.3009","0.0022799702024728","-6.370706372244952"
"liquid","PYA_31082021_BM173_2","PC:2.998g | EMC:7.2006g | LiPF6:0.3009g","10.0","2.998","0.0","7.2006","0.3009","0.0027321681944236","-6.224107068196144"
"liquid","PYA_31082021_BM173_2","PC:2.998g | EMC:7.2006g | LiPF6:0.3009g","20.0","2.998","0.0","7.2006","0.3009","0.000185973534552","-6.087509422277904"
"liquid","PYA_31082021_BM173_2","PC:2.998g | EMC:7.2006g | LiPF6:0.3009g","30.0","2.998","0.0","7.2006","0.3009","0.0037009837305823","-5.959923661295719"
"liquid","PYA_31082021_BM173_2","PC:2.998g | EMC:7.2006g | LiPF6:0.3009g","40.0","2.998","0.0","7.2006","0.3009","0.0041694244944786","-5.840486440053732"
"liquid","PYA_31082021_BM173_2","PC:2.998g | EMC:7.2006g | LiPF6:0.3009g","50.0","2.998","0.0","7.2006","0.3009","0.0044913593742118","-5.728441279541563"
"liquid","PYA_31082021_BM173_2","PC:2.998g | EMC:7.2006g | LiPF6:0.3009g","60.0","2.998","0.0","7.2006","0.3009","0.0050734891617859","-5.623122528185158"
"liquid","PYA_31082021_BM173_4","PC:2.998g | EMC:7.2006g | LiPF6:0.3009g","-30.0","2.998","0.0","7.2006","0.3009","0.0010519231260099","-6.800847764749093"
"liquid","PYA_31082021_BM173_4","PC:2.998g | EMC:7.2006g | LiPF6:0.3009g","-20.0","2.998","0.0","7.2006","0.3009","0.0014101426955132","-6.566549007503586"
"liquid","PYA_31082021_BM173_4","PC:2.998g | EMC:7.2006g | LiPF6:0.3009g","-10.0","2.998","0.0","7.2006","0.3009","0.0018083658792701","-6.350057490025932"
"liquid","PYA_31082021_BM173_4","PC:2.998g | EMC:7.2006g | LiPF6:0.3009g","0.0","2.998","0.0","7.2006","0.3009","0.0021923353559506","-6.149417447377319"
"liquid","PYA_31082021_BM173_4","PC:2.998g | EMC:7.2006g | LiPF6:0.3009g","10.0","2.998","0.0","7.2006","0.3009","0.0026114904408273","-5.962949401384092"
"liquid","PYA_31082021_BM173_4","PC:2.998g | EMC:7.2006g | LiPF6:0.3009g","20.0","2.998","0.0","7.2006","0.3009","0.0029540089610515","-5.789203036850406"
"liquid","PYA_31082021_BM173_4","PC:2.998g | EMC:7.2006g | LiPF6:0.3009g","30.0","2.998","0.0","7.2006","0.3009","0.0034955260542919","-5.626919404596693"
"liquid","PYA_31082021_BM173_4","PC:2.998g | EMC:7.2006g | LiPF6:0.3009g","40.0","2.998","0.0","7.2006","0.3009","0.0051116064806019","-5.475000366451472"
"liquid","PYA_31082021_BM173_4","PC:2.998g | EMC:7.2006g | LiPF6:0.3009g","50.0","2.998","0.0","7.2006","0.3009","0.0044329917587468","-5.332483713461456"
"liquid","PYA_31082021_BM173_4","PC:2.998g | EMC:7.2006g | LiPF6:0.3009g","60.0","2.998","0.0","7.2006","0.3009","0.0051486979542396","-5.19852276528849"
"liquid","PYA_31082021_BM173_7","PC:2.998g | EMC:7.2006g | LiPF6:0.3009g","-30.0","2.998","0.0","7.2006","0.3009","0.0011260760473639","-6.744918966162298"
"liquid","PYA_31082021_BM173_7","PC:2.998g | EMC:7.2006g | LiPF6:0.3009g","-20.0","2.998","0.0","7.2006","0.3009","0.0014853207689106","-6.536396706260825"
"liquid","PYA_31082021_BM173_7","PC:2.998g | EMC:7.2006g | LiPF6:0.3009g","-10.0","2.998","0.0","7.2006","0.3009","0.0017677232997648","-6.343722613556878"
"liquid","PYA_31082021_BM173_7","PC:2.998g | EMC:7.2006g | LiPF6:0.3009g","0.0","2.998","0.0","7.2006","0.3009","0.0020294299241796","-6.165156087589446"
