phase,formula,temperature_c,ionic_conductivity_s_cm,log10_ionic_conductivity,family,chemical_family,source_doi
solid,Li2OHCl,195,2.80E-03,-2.552841969,Anti-Perovskite,#N/A,10.1021/jacs.5b11851
solid,Li5PS4(BH4)2,50,5.00E-03,-2.301029996,Argyrodite,#N/A,10.1021/acsomega.8b00377
solid,Li6PS5Cl,150.58,2.14E-02,-1.669586227,Argyrodite,#N/A,10.1016/j.ssi.2012.06.008
solid,Li4Nd3TeSbO12,200,2.64E-05,-4.578396073,Garnet,#N/A,10.1021/cm703677q
solid,Li5La3Sb2O12,207,1.16E-03,-2.935542011,Garnet,#N/A,10.1016/j.ssi.2008.01.002
solid,Li5La3Ta2O12,199,2.72E-03,-2.565431096,Garnet,#N/A,10.1007/s11581-007-0097-8
solid,Li5La3Ta2O12,60,1.52E-05,-4.818156412,Garnet,#N/A,10.1016/j.ssi.2009.11.015
solid,Li5Nd3Sb2O12,207,1.39E-03,-2.8569852,Garnet,#N/A,10.1016/j.ssi.2008.01.002
solid,Li6.25Ba1.25La1.75Ta2O12,200,7.61E-03,-2.118615343,Garnet,#N/A,10.1007/s11581-007-0097-8
solid,Li6.4La3Zr1.7W0.3O12,303,7.89E-04,-3.102922997,Garnet,#N/A,10.1063/1.4818971
solid,Li6BaLa2Ta2O12,50,1.30E-04,-3.886056648,Garnet,#N/A,10.1149/1.2800764
solid,Li6BaLa2Ta2O12 ,200,1.35E-02,-1.869666232,Garnet,#N/A,10.1007/s00339-008-4494-2
solid,Li6BaLa2Ta2O12 ,168,2.27E-03,-2.643974143,Garnet,#N/A,10.1016/j.ssi.2008.10.022
solid,Li6CaLa2Ta2O12,175,1.05E-03,-2.978810701,Garnet,#N/A,10.1016/j.ssi.2008.10.022
solid,Li6CaLa2Ta2O12,100,3.58E-05,-4.446116973,Garnet,#N/A,10.1149/1.2800764
solid,Li6La2CaNb2O12,154,7.82E-05,-4.106793247,Garnet,#N/A,10.1016/j.ssi.2008.01.047
solid,Li6MgLa2Ta2O12,100,2.45E-05,-4.610833916,Garnet,#N/A,10.1149/1.2800764
solid,Li6Sr0.5Ba0.5La2Ta2O12,200,5.70E-03,-2.244125144,Garnet,#N/A,10.1149/1.2800764
solid,Li6SrLa2Ta2O12,200,5.89E-03,-2.229884705,Garnet,#N/A,10.1149/1.2800764
solid,Li7La3Ta2O13,121,6.85E-05,-4.164309429,Garnet,#N/A,10.1016/j.ssi.2009.07.002
solid,"""((Li2S)0.6 (SiS2)0.4)95 (Li4SiO4)5""",121,3.00E-03,-2.522878745,Glass,#N/A,10.1016/j.ssi.2006.07.017
solid,"""(Li2O)16.6 (SiO2)83.4""",179,2.77E-06,-5.557520231,Glass,#N/A,10.1016/S0022-3093(99)00688-2
solid,"""(Li2O)50 (Al2O3)2 (P2O5)48""",60,5.01E-08,-7.299988938,Glass,#N/A,10.1016/j.jeurceramsoc.2008.12.016
solid,"""(Li2O)50 (Al2O3)3 (P2O5)47""",52,5.25E-08,-7.279840697,Glass,#N/A,10.1016/j.jeurceramsoc.2008.12.016
solid,"""(Li2O)50 (LiF)20 (P2O5)30""",106,7.99E-05,-4.097453221,Glass,#N/A,10.1134/S1023193509050048
solid,"""(LiCl)0.25 ((Li2O)0.6 (P2O5)0.4)0.75""",53.63,2.49E-05,-4.603800653,Glass,#N/A,10.1016/j.jpowsour.2008.07.089
solid,"""(LiCl)0.5 (P2O5)0.5""",192,9.12E-06,-5.040005162,Glass,#N/A,10.1007/s11581-008-0276-2
solid,Li1.4S2.2P0.6,220.68,2.18E-02,-1.661543506,Glass,#N/A,10.1016/j.ssi.2006.07.017
solid,Li3.09BO2.53N0.52,110,3.86E-05,-4.413412695,Glass,#N/A,10.1016/j.jpowsour.2008.09.089
solid,LiAlSi2O6,174,6.67E-06,-5.175874166,Glass,#N/A,10.1016/j.ssi.2009.02.028
solid,LiP0.65I0.35O1.95,110.18,1.58E-03,-2.801342913,Glass,#N/A,10.1007/s11581-008-0252-x
solid,LiP0.75I0.25O2.25,110,7.94E-04,-3.100179498,Glass,#N/A,10.1007/s11581-008-0252-x
solid,LiPO3,255,9.80E-09,-8.008773924,Glass,#N/A,10.1007/s00339-007-4020-y
solid,LiPO3,170,5.89E-06,-5.229884705,Glass,#N/A,10.1016/j.ssi.2008.04.015
solid,Li14ZnGe4O16,300,1.25E-01,-0.903089987,LISICON,#N/A,10.1016/0025-5408(78)90075-2
solid,Li3.75Si0.75P0.25O4,228.73,2.39E-04,-3.621602099,LISICON,#N/A,10.1021/acsami.6b14402
solid,Li4.25Si0.75Al0.25O4,242,8.80E-04,-3.055517328,LISICON,#N/A,10.1021/acsami.6b14402
solid,Li4Al0.33Si0.17Ge0.17P0.33O4,215,3.53E-03,-2.452225295,LISICON,#N/A,10.1021/acsami.6b14402
solid,Li4Al0.33Si0.33P0.33O4,249,4.71E-03,-2.326979093,LISICON,#N/A,10.1021/acsami.6b14402
solid,Li0.95Hf1.95Ta0.05(PO4)3,300,6.60E-04,-3.180456064,Lysonite,#N/A,10.1016/0025-5408(77)90161-1
solid,Li1.5Mg2.5V0.5Mo2.5O12,440,1.00E-06,-6,Lysonite,#N/A,10.1016/j.jssc.2010.08.042
solid,Li0.1Zr1.1Nb0.9(PO4)3,200,1.97E-03,-2.705533774,NASICON,#N/A,10.1016/0025-5408(89)90129-3
solid,Li0.5Hf1.5Ta0.5(PO4)3,200,9.30E-04,-3.031517051,NASICON,#N/A,10.1016/0025-5408(77)90161-1
solid,Li0.5Zr1.5Nb0.5(PO4)3,200,1.97E-03,-2.705533774,NASICON,#N/A,10.1016/0025-5408(89)90129-3
solid,Li0.5Zr1.5Ta0.5(PO4)3,200,9.00E-04,-3.045757491,NASICON,#N/A,10.1016/0025-5408(77)90161-1
solid,Li0.6Zr1.6Nb0.4(PO4)3,200,2.92E-04,-3.534617149,NASICON,#N/A,10.1016/0025-5408(89)90129-3
solid,Li0.7Al0.3Ti1.7(PO4)3,60.08,4.01E-04,-3.396855627,NASICON,#N/A,10.1016/j.jpowsour.2008.08.009
solid,Li0.85Hf1.85Ta0.15(PO4)3,200,5.10E-04,-3.292429824,NASICON,#N/A,10.1016/0025-5408(77)90161-1
solid,Li0.8Hf1.8Nb0.2(PO4)3,200,2.13E-04,-3.671620397,NASICON,#N/A,10.1016/0025-5408(89)90129-3
solid,Li0.8La0.066Zr2(PO4)3,225.81,3.17E-03,-2.498940738,NASICON,#N/A,10.1007/s11581-009-0332-6
solid,Li0.8Zr1.8Nb0.2(PO4)3,200,7.40E-05,-4.13076828,NASICON,#N/A,10.1016/0025-5408(77)90161-1
solid,Li0.8Zr1.8Ta0.2(PO4)3,200,7.40E-05,-4.13076828,NASICON,#N/A,10.1016/0025-5408(77)90161-1
solid,Li0.95Zr1.95Ta0.05(PO4)3,300,7.30E-04,-3.13667714,NASICON,#N/A,10.1016/0025-5408(77)90161-1
solid,Li0.9Zr1.9Ta0.1(PO4)3,300,9.50E-04,-3.022276395,NASICON,#N/A,10.1016/0025-5408(77)90161-1
solid,Li1.076Al0.6923Ti1.462(PO4)3,58,3.74E-03,-2.427128398,NASICON,#N/A,10.1016/S0167-2738(97)00018-0
solid,Li1.2Ga0.2Ti1.8(PO4)3,250,6.60E-07,-6.180456064,NASICON,#N/A,10.1021/cm030422i
solid,Li1.35In0.35Ti1.65(PO4)3,300,2.10E-02,-1.677780705,NASICON,#N/A,10.1016/0167-2738(86)90183-9
solid,Li1.3Al0.23Sc0.07Ti1.7(PO4)3,140,7.00E-05,-4.15490196,NASICON,#N/A,10.1016/j.physb.2016.04.027
solid,Li1.3Al0.25Sc0.05Ti1.7(PO4)3,140,1.08E-04,-3.966576245,NASICON,#N/A,10.1016/j.physb.2016.04.027
solid,Li1.3Al0.27Sc0.03Ti1.7(PO4)3,140,8.47E-05,-4.07211659,NASICON,#N/A,10.1016/j.physb.2016.04.027
solid,Li1.3Al0.29Sc0.01Ti1.7(PO4)3,140,1.19E-04,-3.924453039,NASICON,#N/A,10.1016/j.physb.2016.04.027
solid,Li1.3Al0.3Ge1.4Ti0.3(PO4)3,227,1.10E-03,-2.958607315,NASICON,#N/A,10.1016/j.electacta.2005.12.055
solid,Li1.3Al0.3Ti1.7(PO4)3,58.17,2.40E-04,-3.619788758,NASICON,#N/A,10.1007/s11581-007-0197-5
solid,Li1.3Fe0.3Ti1.7(PO4)3,300,8.58E-03,-2.066512712,NASICON,#N/A,10.1007/s10008-002-0314-3
solid,Li1.4Al0.4(Ge0.67Ti0.33)1.6(PO4)3,143,4.12E-03,-2.385102784,NASICON,#N/A,10.1016/j.ssi.2004.05.009
solid,Li1.4Al0.4Ti1.6(PO4)3,203,1.04E-02,-1.982966661,NASICON,#N/A,10.1016/j.ssi.2006.04.010
solid,Li1.7Cr0.7Hf1.3(PO4)3,300,5.28E-04,-3.277366077,NASICON,#N/A,10.1016/S0167-2738(98)00207-0
solid,Li1.7Fe0.7Hf1.3(PO4)3,171,2.68E-05,-4.571865206,NASICON,#N/A,10.1016/S0167-2738(98)00207-0
solid,Li1.8Cr0.8Ti1.2(PO4)3,300,4.80E-03,-2.318758763,NASICON,#N/A,10.1016/0167-2738(88)90291-3
solid,Li2.3Cr1.3Hf0.7(PO4)3,300,1.81E-04,-3.742321425,NASICON,#N/A,10.1006/jssc.2000.8658
solid,Li2.5Cr1.5Hf0.5(PO4)3,300,3.55E-04,-3.449771647,NASICON,#N/A,10.1016/S0167-2738(98)00207-0
solid,Li2.7Cr1.7Hf0.3(PO4)3,171,2.25E-05,-4.647817482,NASICON,#N/A,10.1016/S0167-2738(98)00207-0
solid,Li2.8In1.8Ti0.2(PO4)3,300,8.24E-03,-2.084072788,NASICON,#N/A,10.1016/0167-2738(86)90183-9
solid,Li2.9Sc1.9Zr0.1(PO4)3,150,1.06E-03,-2.974694135,NASICON,#N/A,10.1016/S0925-8388(96)02746-6
solid,Li2AlZr(PO4)3,300,3.40E-06,-5.468521083,NASICON,#N/A,10.1007/s10008-008-0520-8
solid,Li2CrHf(PO4)3,300,3.35E-04,-3.474955193,NASICON,#N/A,10.1016/S0167-2738(96)00565-6
solid,Li3Cr2(PO4)3,50,2.50E-08,-7.602059991,NASICON,#N/A,10.1016/0167-2738(83)90101-7
solid,Li3Fe2(PO4)3,50,5.60E-08,-7.251811973,NASICON,#N/A,10.1016/0167-2738(83)90101-7
solid,Li3Sc2(PO4)3,150,3.49E-06,-5.457174573,NASICON,#N/A,10.1016/S0925-8388(96)02746-6
solid,LiCrTa(PO4)3,61,3.16E-07,-6.500312917,NASICON,#N/A,10.1039/A807007E
solid,LiFeTa(PO4)3,350,3.35E-04,-3.474955193,NASICON,#N/A,10.1039/A807007E
solid,LiTi1.75Zr0.25(PO4)3,154,7.35E-05,-4.133712661,NASICON,#N/A,10.1016/0167-2738(90)90188-W
solid,"""(Li2S)0.75 (P2S5)0.25""",44.2,3.00E-04,-3.522878745,Other,#N/A,10.1021/acsomega.8b00377
solid,Li4SiO4,228.21,8.36E-06,-5.077793723,Other,#N/A,10.1021/acsami.6b14402
solid,La0.55Li0.361Ti0.995Al0.005O3,100,1.00E-02,-2,Perovskite,#N/A,10.1007/BF02375549
solid,La0.55Li0.36Ti0.992Al0.008O3,100,5.85E-03,-2.232844134,Perovskite,#N/A,10.1007/BF02375549
solid,La0.56Li0.36Ti0.95Al0.05O3,119,6.30E-03,-2.200659451,Perovskite,#N/A,10.1007/BF02375549
solid,Li0.022 La0.117 Ti0.208 Al0.001 O0.626,112,1.63E-02,-1.787812396,Perovskite,#N/A,10.1007/BF02378009
solid,Li0.1Na0.1La0.6TiO3,223,4.16E-03,-2.380906669,Perovskite,#N/A,10.1016/j.ssi.2008.03.015
solid,Li0.228La0.59TiO3,214,1.06E-04,-3.974694135,Perovskite,#N/A,10.1007/s10717-007-0032-5
solid,Li0.24La0.59TiO3,89,2.27E-04,-3.643974143,Perovskite,#N/A,10.1007/s10717-007-0032-5
solid,Li0.33La0.56Ti0.96Al0.04O2.96F0.04,200,9.50E-03,-2.022276395,Perovskite,#N/A,10.1007/s11581-006-0011-9
solid,Li0.5La0.5TiO3,131,1.25E-04,-3.903089987,Perovskite,#N/A,10.1016/j.jallcom.2009.07.091
solid,Li0.5La0.5TiO3,90,3.10E-04,-3.508638306,Perovskite,#N/A,10.1016/j.ssi.2008.08.013
solid,Li0.5La0.5TiO3,134,3.76E-03,-2.424812155,Perovskite,#N/A,10.1016/j.ssi.2009.08.002
solid,LiCa1.65Ti1.3Nb1.7O9,215,8.56E-07,-6.067526235,Perovskite,#N/A,10.1007/BF02708781
solid,LiCa1.65Ti1.3Ta1.7O9,300,1.00E-05,-5,Perovskite,#N/A,10.1007/BF02708781
solid,LiSr1.65Ti2.15W0.85O9,300,1.60E-04,-3.795880017,Perovskite,#N/A,10.1007/BF02708781
solid,Li0.68Ga0.68Si2.33O6,276,8.19E-07,-6.086716098,Phenakite,#N/A,10.1016/0167-2738(87)90048-8
solid,Li0.96Ga0.96Si2.04O6,260,6.32E-07,-6.199282922,Phenakite,#N/A,10.1016/0167-2738(87)90048-8
solid,LiGaSiO4,564.29,1.58E-06,-5.801342913,Phenakite,#N/A,10.1016/0167-2738(87)90048-8
solid,Li1.9Mg0.1TiO3.05,600,1.07E-03,-2.970616222,Rocksalt,#N/A,10.1016/j.ssi.2008.03.001
solid,Li2TiO3,186,3.52E-08,-7.453457337,Rocksalt,#N/A,10.1016/j.ssi.2006.11.002
solid,Li3.2Ge0.2P0.8S4,290,1.00E-01,-1,Thio-LISICON,#N/A,10.1149/1.1379028
solid,Li3.6Ge0.6P0.4S4,290,6.31E-02,-1.199970641,Thio-LISICON,#N/A,10.1149/1.1379028
solid,Li3.8Ge0.8P0.2S4,290,1.26E-02,-1.899629455,Thio-LISICON,#N/A,10.1149/1.1379028
solid,Li4.2Ge0.8Ga0.2S4,202,5.39E-03,-2.268411235,Thio-LISICON,#N/A,10.1016/S0167-2738(00)00277-0
solid,(YPO4)0.5(Li3PO4)0.5,523.93,2.45E-04,-3.610833916,Zircon,#N/A,10.1016/0167-2738(89)90457-8
solid,(YPO4)0.7(Li3PO4)0.3,791,6.82E-02,-1.166215625,Zircon,#N/A,10.1016/0167-2738(89)90457-8
solid,(YPO4)0.8(Li3PO4)0.2,600,3.70E-02,-1.431798276,Zircon,#N/A,10.1016/0167-2738(89)90457-8
solid,(YPO4)0.9(Li3PO4)0.1,873,1.35E-01,-0.869666232,Zircon,#N/A,10.1016/0167-2738(89)90457-8
solid,Li3InCl6,25,2.040000E-03,-2.690369833,Halide,Halides,10.1002/anie.201909805
solid,Li2(PO2N),25,1.000000E-10,-10.000000000,LIPON,Halides,10.1016/j.ssi.2012.12.013
solid,Li2.88PO3.73N0.14,25,1.400000E-13,-12.853871964,LISICON,Halides,10.1006/jssc.1995.1140
solid,Li3.70Ge0.85W0.15O4,25,3.800000E-05,-4.420216403,LISICON,Halides,10.1023/a:1026135806929
solid,Li3.75Ge0.75V0.25O4,25,5.660000E-06,-5.247183569,LISICON,Halides,10.1023/a:1026135806929
solid,Li3P0.4V0.6O4,25,3.550000E-13,-12.449771647,LISICON,Halides,10.1021/acs.chemmater.8b01504
solid,Li3PO4,25,4.200000E-18,-17.376750710,LISICON,Halides,10.1006/jssc.1995.1140
solid,(La0.9Sr0.1)LiO2,25,6.290000E-10,-9.201349355,Lanthanumlithiumoxide,Halides,10.1016/j.ssi.2015.09.001
solid,La(Li0.76Mg0.08)O2,25,7.270000E-10,-9.138465589,Lanthanumlithiumoxide,Halides,10.1016/j.ssi.2015.09.001
solid,LaLiO2,25,1.000000E-10,-10.000000000,Lanthanumlithiumoxide,Halides,10.1016/j.ssi.2015.09.001
solid,Li0.86Hf2.035(PO4)3,25,9.200000E-08,-7.036212173,NASICON,Halides,10.1021/cm970078n
solid,Li0.91Hf2.022(PO4)3,25,3.200000E-07,-6.494850022,NASICON,Halides,10.1021/cm970078n
solid,Li1.05Al0.05Ti1.95(PO4)3,25,1.100000E-03,-2.958607315,NASICON,Halides,10.1016/j.ssi.2014.07.018
solid,Li1.05Cr0.05Ti1.95(PO4)3,25,1.800000E-04,-3.744727495,NASICON,Halides,10.1016/j.ssi.2014.07.018
solid,Li1.05Fe0.05Ti1.95(PO4)3,25,1.300000E-04,-3.886056648,NASICON,Halides,10.1016/j.ssi.2014.07.018
solid,Li1.1Al0.1Ti1.9(PO4)3,25,6.700000E-04,-3.173925197,NASICON,Halides,10.1016/j.ssi.2014.07.018
solid,Li1.1Cr0.1Ti1.9(PO4)3,25,2.600000E-04,-3.585026652,NASICON,Halides,10.1016/j.ssi.2014.07.018
solid,Li1.1Fe0.1Ti1.9(PO4)3,25,6.300000E-04,-3.200659451,NASICON,Halides,10.1016/j.ssi.2014.07.018
solid,Li1.2Al0.2Ge1.8(PO4)3,25,4.830000E-05,-4.316052869,NASICON,Halides,10.1021/acsami.8b00842
solid,Li1.2Al0.2Ge1.8(PO4)3,25,7.940000E-05,-4.100179498,NASICON,Halides,10.1016/j.jeurceramsoc.2014.11.023
solid,Li1.2Al0.2Ti1.8(PO4)3,25,5.950000E-04,-3.225483034,NASICON,Halides,10.1149/1.2086597
solid,Li1.2Al0.2Ti1.8(PO4)3,25,3.380000E-03,-2.471083300,NASICON,Halides,10.1016/j.jeurceramsoc.2014.11.023
solid,Li1.2Cr0.2Ti1.8(PO4)3,25,4.300000E-04,-3.366531544,NASICON,Halides,10.1016/j.ssi.2014.07.018
solid,Li1.2Fe0.2Ti1.8(PO4)3,25,1.400000E-03,-2.853871964,NASICON,Halides,10.1016/j.ssi.2014.07.018
solid,Li1.2Ga0.2Ti1.8(PO4)3,25,1.620000E-04,-3.790484985,NASICON,Halides,10.1149/1.2086597
solid,Li1.2In0.2Hf1.8(PO4)3,25,4.000000E-06,-5.397940009,NASICON,Halides,10.1016/0167-2738(86)90179-7
solid,Li1.2In0.2Ti1.8(PO4)3,25,8.220000E-05,-4.085128182,NASICON,Halides,10.1021/cm030422i
solid,Li1.2La0.2Ti1.8(PO4)3,25,8.000000E-05,-4.096910013,NASICON,Halides,10.1149/1.2086597
solid,Li1.2Ti1.8Al0.2(PO4)3,25,4.820000E-03,-2.316952962,NASICON,Halides,10.1021/ic400577v
solid,Li1.3Al0.3Ge1.7(PO4)3,25,8.240000E-05,-4.084072788,NASICON,Halides,10.1021/acsami.8b00842
solid,Li1.3Al0.3Ti1.7(PO4)3,25,1.130000E-03,-2.946921557,NASICON,Halides,10.1016/j.ssi.2012.03.045
solid,Li1.3Al0.3Ti1.7(PO4)3,25,1.210000E-03,-2.917214630,NASICON,Halides,10.1016/j.ssi.2014.07.018|10.1016/j.ssi.2016.07.010
solid,Li1.3Cr0.3Ti1.7(PO4)3,25,2.900000E-04,-3.537602002,NASICON,Halides,10.1016/j.ssi.2014.07.018
solid,Li1.3Fe0.3Ti1.7(PO4)3,25,2.460000E-04,-3.609064893,NASICON,Halides,10.1149/1.2086597
solid,Li1.3Fe0.3Ti1.7(PO4)3,25,2.300000E-03,-2.638272164,NASICON,Halides,10.1016/j.ssi.2014.07.018
solid,Li1.3Ga0.3Ti1.7(PO4)3,25,2.610000E-04,-3.583359493,NASICON,Halides,10.1149/1.2086597
solid,Li1.3In0.3Ti1.7(PO4)3,25,3.930000E-04,-3.405607450,NASICON,Halides,10.1149/1.2086597
solid,Li1.3La0.3Ti1.7(PO4)3,25,5.230000E-04,-3.281498311,NASICON,Halides,10.1149/1.2086597
solid,Li1.4Al0.4Ge1.6(PO4)3,25,1.880000E-04,-3.725842151,NASICON,Halides,10.1021/acsami.8b00842
solid,Li1.4Al0.4Ti1.6 (PO4)3,25,3.380000E-03,-2.471083300,NASICON,Halides,10.1016/j.jeurceramsoc.2014.11.023
solid,Li1.4Al0.4Ti1.6(PO4)3,25,3.880000E-04,-3.411168274,NASICON,Halides,10.1149/1.2086597
solid,Li1.4Al0.4Ti1.6(PO4)3,25,3.300000E-03,-2.481486060,NASICON,Halides,10.1016/j.ssi.2014.07.018
solid,Li1.4Al0.4Ti1.6(PO4)3,25,1.120000E-03,-2.950781977,NASICON,Halides,10.1016/j.materresbull.2007.08.007
solid,Li1.4Ga0.4Ti1.6(PO4)3,25,1.280000E-04,-3.892790030,NASICON,Halides,10.1149/1.2086597
solid,Li1.4La0.4Ti1.6(PO4)3,25,4.980000E-04,-3.302770657,NASICON,Halides,10.1149/1.2086597
solid,Li1.5Al0.5Ge1.5(PO4)3,25,3.360000E-04,-3.473660723,NASICON,Halides,10.1021/acsami.8b00842
solid,Li1.5Al0.5Ge1.5(PO4)3,25,1.900000E-04,-3.721246399,NASICON,Halides,10.1016/j.jeurceramsoc.2014.11.023
solid,Li1.5Al0.5Ti1.5(PO4)3,25,2.480000E-04,-3.605548319,NASICON,Halides,10.1149/1.2086597
solid,Li1.5Ga0.5Ti1.5(PO4)3,25,1.220000E-04,-3.913640169,NASICON,Halides,10.1149/1.2086597
solid,Li1.5La0.5Ti1.5(PO4)3,25,2.810000E-04,-3.551293680,NASICON,Halides,10.1149/1.2086597
solid,Li1.6Al0.6Ge1.4(PO4)3,25,2.840000E-04,-3.546681660,NASICON,Halides,10.1021/acsami.8b00842
solid,Li1.6Al0.6Ti1.4(PO4)3,25,2.300000E-05,-4.638272164,NASICON,Halides,10.1016/s0955-2219(99)00055-2
solid,Li1.7Al0.3Ti1.6(PO4)3,25,1.220000E-03,-2.913640169,NASICON,Halides,10.1016/s0167-2738(00)00493-8
solid,Li1.7Al0.7Ge1.3(PO4)3,25,2.640000E-04,-3.578396073,NASICON,Halides,10.1021/acsami.8b00842
solid,Li1.8Al0.8Ge1.2(PO4)3,25,1.370000E-04,-3.863279433,NASICON,Halides,10.1021/acsami.8b00842
solid,Li2.5V2(PO4)3,25,1.900000E-07,-6.721246399,NASICON,Halides,10.1021/cm034802f
solid,LiGe2(PO4)3,25,3.330000E-07,-6.477555766,NASICON,Halides,10.1002/chin.199345017
solid,LiGe2(PO4)3,25,4.830000E-09,-8.316052869,NASICON,Halides,10.1021/acsami.8b00842
solid,LiHf2(PO4)3,25,2.830000E-07,-6.548213564,NASICON,Halides,10.1002/chin.199345017
solid,LiHf2(PO4)3,25,6.850000E-07,-6.164309429,NASICON,Halides,10.1016/0167-2738(93)90387-i
solid,LiTi2(PO4)3,25,1.610000E-04,-3.793174124,NASICON,Halides,10.1021/ic400577v
solid,LiTi2(PO4)3,25,2.000000E-06,-5.698970004,NASICON,Halides,10.1149/1.2086597
solid,LiTi2(PO4)3,25,6.000000E-05,-4.221848750,NASICON,Halides,10.1016/j.ssi.2014.07.018
solid,LiZr2(PO4)3,25,1.000000E-09,-9.000000000,NASICON,Halides,10.1016/0025-5408(86)90194-7
solid,Li5.4La3Nb1.8Y0.75O12,25,2.510000E-05,-4.600326279,OBELiX,Halides,10.1021/jp304737x
solid,Li6.5La3Zr1.5Ta0.5O12,25,9.200000E-04,-3.036212173,OBELiX,Halides,10.1039/c2jm31413d
solid,Li6.6La3Zr1.6Ta0.4O12,25,7.300000E-04,-3.136677140,OBELiX,Halides,10.1039/c2jm31413d
solid,Li6.8La3Zr1.8Ta0.2O12,25,2.800000E-04,-3.552841969,OBELiX,Halides,10.1039/c2jm31413d
solid,Li6Ge2O7,25,8.500000E-07,-6.070581074,OBELiX,Halides,10.4028/www.scientific.net/msf.76.107
solid,Li6La3ZrTaO12,25,1.600000E-04,-3.795880017,OBELiX,Halides,10.1039/c2jm31413d
solid,Li7La3Zr2O12,25,1.200000E-04,-3.920818754,OBELiX,Halides,10.1039/c2jm31413d
solid,Li7La3Zr2O12,25,1.970000E-06,-5.705533774,OBELiX,Halides,10.1039/c1cp22108f
solid,Li7La3Zr2O12,25,5.690000E-04,-3.244887734,OBELiX,Halides,10.1016/j.ssi.2010.12.010
solid,LiBO2,25,1.000000E-08,-8.000000000,OBELiX,Halides,10.1140/epjst/e2008-00753-4
solid,LiClC3H7NO,25,1.600000E-04,-3.795880017,OBELiX,Halides,10.1021/acs.chemmater.5b00940
solid,LiV(PO4)F,25,8.100000E-07,-6.091514981,Tavorite,Halides,10.1016/j.ssi.2013.04.002
solid,Li2(OH)0.9F0.1Cl,25,3.860000E-05,-4.413412695,antiperovskite,Halides,10.1002/anie.201604554
solid,Li2(OH)Br,25,1.200000E-06,-5.920818754,antiperovskite,Halides,10.1002/ange.201604554
solid,Li3ClO,25,2.500000E-02,-1.602059991,antiperovskite,Halides,10.1039/c3ta15087a
solid,LiCe(BH4)3Cl,25,1.030000E-04,-3.987162775,argyrodites,Halides,10.1021/cm300792t
solid,Li4B7O12Cl,25,2.000000E-06,-5.698970004,boracites,Halides,10.1107/s0567740877009443
solid,Li3BN2,25,8.700000E-08,-7.060480747,boron nitride,Halides,10.1016/0022-4596(87)90135-6
solid,Li1.65Mn0.65In0.35Cl4,25,9.900000E-08,-7.004364805,chlorides,Halides,10.1016/s0167-2738(96)00592-9
solid,Li1.9Mn0.9Ga0.1Cl4,25,2.370000E-07,-6.625251654,chlorides,Halides,10.1016/s0167-2738(96)00592-9
solid,Li2CdCl4,25,5.800000E-07,-6.236572006,chlorides,Halides,10.1016/0025-5408(81)90142-2
solid,Li2MgCl4,25,6.240000E-07,-6.204815410,chlorides,Halides,10.1016/0167-2738(83)90223-0
solid,Li2MnCl4,25,4.790000E-06,-5.319664487,chlorides,Halides,10.1016/0167-2738(83)90223-0
solid,Li2VCl4,25,6.950000E-06,-5.158015195,cholorides,Halides,10.1016/0167-2738(83)90223-0
solid,Li6CuB4O10,25,1.000000E-13,-13.000000000,copper pyroborate,Halides,10.1021/acs.inorgchem.8b01785
solid,Li3AlF6,25,5.000000E-07,-6.301029996,fluorides,Halides,10.1149/2.012206eel
solid,LiB6O9F,25,1.000000E-10,-10.000000000,fluorooxoborate,Halides,10.1002/zaac.200900056
solid,(Li6.26Al0.24)La3Zr2O12,25,2.100000E-04,-3.677780705,garnet,Halides,10.1016/j.ssi.2015.04.011
solid,Fe0.16La2.95Li5.68Zr2O12,25,9.350000E-04,-3.029188389,garnet,Halides,10.1021/acs.chemmater.6b02516
solid,Fe0.19La2.95Li5.57Zr2O12,25,1.380000E-03,-2.860120914,garnet,Halides,10.1021/acs.chemmater.6b02516
solid,La3Li5.08Ta1.51Zr0.39O12,25,1.030000E-04,-3.987162775,garnet,Halides,10.1002/aenm.201570062|10.1002/aenm.201500096
solid,La3Zr2Ga0.5Li5.5O12,25,1.000000E-04,-4.000000000,garnet,Halides,10.1039/c2dt31318a
solid,Li3Nd3Te2O12,25,1.000000E-10,-10.000000000,garnet,Halides,10.1021/cm060992t
solid,Li49.6Al1.6La24Zr14.4Ta1.6O96,25,6.140000E-04,-3.211831629,garnet,Halides,10.1038/srep18053
solid,Li5.25Ba0.25La2.75Ta2O12,25,7.410000E-06,-5.130181792,garnet,Halides,10.1007/s11581-007-0097-8
solid,Li5.2La3Nb1.9Y0.1O12,25,6.390000E-05,-4.194499142,garnet,Halides,10.1021/jp304737x
solid,Li5.4La3Nb1.8Y0.2O12,25,6.740000E-05,-4.171340103,garnet,Halides,10.1021/jp304737x
solid,Li5.5Ba0.5La2.5Ta2O12,25,1.410000E-05,-4.850780887,garnet,Halides,10.1007/s11581-007-0097-8
solid,Li5.5La2.75K0.25Nb2O12,25,1.060000E-05,-4.974694135,garnet,Halides,10.1016/j.jssc.2005.12.025
solid,Li5.5La3Nb1.75In0.25O12,25,2.400000E-05,-4.619788758,garnet,Halides,10.1016/j.jssc.2005.12.025
solid,Li5.5La3Nb1.75Y0.25O12,25,9.180000E-05,-4.037157319,garnet,Halides,10.1021/jp304737x
solid,Li5.72Al0.26La3Zr1.5W0.25O12,25,4.900000E-04,-3.309803920,garnet,Halides,10.1021/acs.chemmater.5b02429
solid,Li5.74La3Zr1.5Ta0.5O12,25,9.030000E-04,-3.044312250,garnet,Halides,10.1002/aenm.201570062|10.1002/aenm.201500096
solid,Li51.2Al1.6La24Zr16O96,25,2.540000E-04,-3.595166283,garnet,Halides,10.1038/srep18053
solid,Li5La3Bi2O12,25,1.900000E-05,-4.721246399,garnet,Halides,10.1016/j.mseb.2007.07.009
solid,Li5La3Bi2O12,25,2.200000E-05,-4.657577319,garnet,Halides,10.1016/j.ssi.2017.03.030
solid,Li5La3Nb1.75Y0.25O12,25,9.680000E-06,-5.014124643,garnet,Halides,10.1016/j.jpowsour.2011.05.031
solid,Li5La3Nb1.85Y0.15O12,25,5.710000E-06,-5.243363892,garnet,Halides,10.1016/j.jpowsour.2011.05.031
solid,Li5La3Nb1.8Y0.2O12,25,9.130000E-06,-5.039529222,garnet,Halides,10.1016/j.jpowsour.2011.05.031
solid,Li5La3Nb1.95Y0.05O12,25,1.340000E-05,-4.872895202,garnet,Halides,10.1016/j.jpowsour.2011.05.031
solid,Li5La3Nb1.9Y0.1O12,25,1.440000E-05,-4.841637508,garnet,Halides,10.1016/j.jpowsour.2011.05.031
solid,Li5La3Nb2O12,25,8.000000E-06,-5.096910013,garnet,Halides,10.1111/j.1551-2916.2005.00060.x
solid,Li5La3Nb2O12,25,5.080000E-06,-5.294136288,garnet,Halides,10.1016/j.jpowsour.2011.05.031
solid,Li5La3Ta2O12,25,3.400000E-05,-4.468521083,garnet,Halides,10.1149/2.024205esl
solid,Li5La3Ta2O12,25,1.590000E-05,-4.798602876,garnet,Halides,10.1021/acs.inorgchem.7b00816
solid,Li6(La2Ca)(NbO6)2,25,1.330000E-06,-5.876148359,garnet,Halides,10.1016/j.ssi.2008.01.047
solid,Li6.05Ga0.25La3Zr2O11.8F0.2,25,1.280000E-03,-2.892790030,garnet,Halides,10.1021/acsami.8b17656
solid,Li6.15La3Zr1.75Ta0.25Al0.2O12,25,3.700000E-04,-3.431798276,garnet,Halides,10.1016/j.jpowsour.2012.01.131
solid,Li6.15La3Zr1.75Ta0.25Ga0.2O12,25,4.100000E-04,-3.387216143,garnet,Halides,10.1016/j.jpowsour.2012.01.131
solid,Li6.25La3Zr2Ga0.25O12,25,3.500000E-04,-3.455931956,garnet,Halides,10.1016/j.matchemphys.2012.03.054
solid,Li6.2La3Zr1.2Ta0.8O12,25,3.200000E-04,-3.494850022,garnet,Halides,10.1039/c2jm31413d
solid,Li6.2La3Zr1.6Mo0.4O12,25,3.400000E-04,-3.468521083,garnet,Halides,10.1021/acs.inorgchem.5b01895
solid,Li6.4La3Zr1.7Mo0.3O12,25,3.690000E-04,-3.432973634,garnet,Halides,10.1021/acs.inorgchem.5b01895
solid,Li6.55La3Zr1.55Ta0.45O12,25,4.000000E-04,-3.397940009,garnet,Halides,10.1149/2.024205esl
solid,Li6.5Ba1.5La1.5Ta2O12,25,3.080000E-05,-4.511449283,garnet,Halides,10.1007/s11581-007-0097-8
solid,Li6.5La2.7Ba0.3Zr1.2Ta0.8O12,25,4.920000E-04,-3.308034897,garnet,Halides,10.3389/fenrg.2016.00028
solid,Li6.5La2.8Ba0.2Zr1.3Ta0.7O12,25,6.310000E-04,-3.199970641,garnet,Halides,10.3389/fenrg.2016.00028
solid,Li6.5La2.95Ba0.05Zr1.45Ta0.55O12,25,8.320000E-04,-3.079876674,garnet,Halides,10.3389/fenrg.2016.00028
solid,Li6.5La3Nb1.25Y0.75O12,25,2.700000E-04,-3.568636236,garnet,Halides,10.1021/jp304737x
solid,Li6.5La3Zr1.5Ta0.5O12,25,2.800000E-04,-3.552841969,garnet,Halides,10.1149/2.024205esl
solid,Li6.5La3Zr1.75Mo0.25O12,25,3.330000E-04,-3.477555766,garnet,Halides,10.1021/acs.inorgchem.5b01895
solid,Li6.65La3Zr1.65Ta0.35O12,25,4.600000E-04,-3.337242168,garnet,Halides,10.1149/2.024205esl
solid,Li6.6La2.5Y0.5Zr1.6Ta0.4O12,25,2.260000E-04,-3.645891561,garnet,Halides,10.1021/am503731h
solid,Li6.6La2.75Y0.25Zr1.6Ta0.4O12,25,4.360000E-04,-3.360513511,garnet,Halides,10.1021/am503731h
solid,Li6.6La2.875Y0.125Zr1.6Ta0.4O12,25,3.170000E-04,-3.498940738,garnet,Halides,10.1021/am503731h
solid,Li6.6La3Zr1.6Ta0.4O12,25,4.700000E-04,-3.327902142,garnet,Halides,10.1149/2.024205esl
solid,Li6.6La3Zr1.6Ta0.4O12,25,3.130000E-04,-3.504455662,garnet,Halides,10.1021/am503731h
solid,Li6.6La3Zr1.8Mo0.2O12,25,3.110000E-04,-3.507239611,garnet,Halides,10.1021/acs.inorgchem.5b01895
solid,Li6.75Ba1.75La1.25Ta2O12,25,1.180000E-05,-4.928117993,garnet,Halides,10.1007/s11581-007-0097-8
solid,Li6.75La3Zr1.75Nb0.25O12,25,8.000000E-04,-3.096910013,garnet,Halides,10.1016/j.jpowsour.2010.11.089
solid,Li6.75La3Zr1.75Ta0.25O12,25,6.300000E-04,-3.200659451,garnet,Halides,10.1149/2.024205esl
solid,Li6.75La3Zr1.875Te0.125O12,25,3.300000E-04,-3.481486060,garnet,Halides,10.1016/j.jpowsour.2013.03.166
solid,Li6.7La3Zr1.7Ta0.3O12,25,6.900000E-04,-3.161150909,garnet,Halides,10.1149/2.024205esl
solid,Li6.8La3Zr1.8Ta0.2O12,25,7.300000E-04,-3.136677140,garnet,Halides,10.1149/2.024205esl
solid,Li6.8La3Zr1.9Mo0.1O12,25,8.000000E-05,-4.096910013,garnet,Halides,10.1021/acs.inorgchem.5b01895
solid,Li6BaLa2Nb2O12,25,6.000000E-06,-5.221848750,garnet,Halides,10.1111/j.1551-2916.2005.00060.x
solid,Li6BaLa2Ta2O12,25,2.950000E-05,-4.530177984,garnet,Halides,10.1007/s11581-007-0097-8
solid,Li6BaLa2Ta2O12,25,1.690000E-05,-4.772113295,garnet,Halides,10.1016/j.materresbull.2012.04.032
solid,Li6BaLa2Ta2O12,25,1.500000E-05,-4.823908741,garnet,Halides,10.1021/am4060194
solid,Li6CaLa2Nb2O12,25,1.600000E-06,-5.795880017,garnet,Halides,10.1111/j.1551-2916.2005.00060.x
solid,Li6CaLa2Ta2O12,25,2.200000E-06,-5.657577319,garnet,Halides,10.1021/am4060194
solid,Li6La3Nb1.5Y0.5O12,25,1.880000E-04,-3.725842151,garnet,Halides,10.1021/jp304737x
solid,Li6La3ZrTaO12,25,3.500000E-04,-3.455931956,garnet,Halides,10.1149/2.024205esl
solid,Li7.06La3Y0.06Zr1.94O12,25,8.100000E-04,-3.091514981,garnet,Halides,10.1016/j.elecom.2011.08.014
solid,Li7Ba2LaTa2O12,25,2.850000E-06,-5.545155140,garnet,Halides,10.1007/s11581-007-0097-8
solid,Li7La3Hf2O12,25,9.850000E-07,-6.006563770,garnet,Halides,10.1016/j.jssc.2009.10.030
solid,Li7La3Hf2O12,25,2.400000E-04,-3.619788758,garnet,Halides,10.1007/s11581-010-0486-2
solid,Li7La3Zr1.89Al0.15O12,25,3.400000E-04,-3.468521083,garnet,Halides,10.1016/j.jpowsour.2013.03.049
solid,Nd3Zr2Al0.5Li5.5O12,25,3.900000E-05,-4.408935393,garnet,Halides,10.1039/c3ta13252h
solid,Li6BaLa2Ta2O12,25,4.000000E-05,-4.397940009,garnet-like,Halides,10.1002/adfm.200400044
solid,Li2.5Y0.5Zr0.5Cl6,25,1.400000E-03,-2.853871964,halides,Halides,10.1021/acsenergylett.9b02599
solid,Li2CrCl4,25,1.000000E-10,-10.000000000,halides,Halides,10.1016/0022-4596(88)90301-5
solid,Li2MgBr4,25,7.800000E-10,-9.107905397,halides,Halides,10.1002/chin.198639014|10.1149/1.2108704
solid,Li3ErI6,25,6.500000E-04,-3.187086643,halides,Halides,10.1021/acsaem.0c00147
solid,Li3YBr6,25,1.920000E-03,-2.716698771,halides,Halides,10.1002/adma.201803075
solid,Li3YCl6,25,5.390000E-04,-3.268411235,halides,Halides,10.1002/adma.201803075
solid,Li6NBr3,25,1.000000E-08,-8.000000000,halides,Halides,10.1016/j.jallcom.2015.01.082
solid,LiAlCl4,25,1.000000E-06,-6.000000000,halides,Halides,10.1149/1.2133238
solid,LiGaBr4,25,7.000000E-06,-5.154901960,halides,Halides,10.1016/s0167-2738(00)00491-4
solid,Li7BiO6,25,1.584890E-06,-5.800000875,hexaoxometalates,Halides,10.1002/zaac.200500231
solid,Li3(NH2)2I,25,1.000000E-05,-5.000000000,hydrides,Halides,10.1021/cm1006857
solid,Li3AlH6,25,1.400000E-07,-6.853871964,hydrides,Halides,10.1063/1.3356981
solid,LiAlH4,25,8.700000E-09,-8.060480747,hydrides,Halides,10.1063/1.3356981
solid,(Li0.5Ce0.25Pr0.25)(MoO4),25,1.000000E-09,-9.000000000,molybdates,Halides,10.1007/s12039-011-0068-5
solid,(Li0.5Ce0.5)(MoO4),25,1.300000E-08,-7.886056648,molybdates,Halides,10.1007/s12039-011-0068-5
solid,Li2Mg2(MoO4)3,25,1.000000E-10,-10.000000000,molybdates,Halides,10.1039/b301189e
solid,Li3Cr(MoO4)3,25,3.190000E-09,-8.496209317,molybdates,Halides,10.1039/b301189e
solid,Li3Fe(MoO4)3,25,5.890000E-10,-9.229884705,molybdates,Halides,10.1039/b301189e
solid,Li3AlN2,25,5.000000E-08,-7.301029996,nitrides,Halides,10.1016/0167-2738(85)90106-7
solid,Li3N,25,5.767000E-04,-3.239050049,nitrides,Halides,10.1039/c0ee00052c
solid,Li3N,25,2.085000E-04,-3.680893941,nitrides,Halides,10.1016/0167-2738(83)90045-0
solid,(K0.1Li0.9)(SbO3),25,1.360000E-08,-7.866461092,oxides,Halides,10.1016/0167-2738(81)90178-8
solid,(Li0.55Mg0.45)(Li0.445Mg0.055)Ti1.5O4,25,1.530000E-11,-10.815308569,oxides,Halides,10.1016/j.ssi.2010.06.003
solid,(Li0.61Mg0.39)(Li0.46Mg0.005Ti0.035)Ti1.5O4,25,6.560000E-10,-9.183096161,oxides,Halides,10.1016/j.ssi.2010.06.003
solid,(Li0.74Mg0.26)(Li0.40Mg0.04Ti1.56)O4,25,1.510000E-09,-8.821023053,oxides,Halides,10.1016/j.ssi.2010.06.003
solid,(Li0.826Mg0.174)(Li0.374Mg0.026Ti1.60)O4,25,4.240000E-09,-8.372634143,oxides,Halides,10.1016/j.ssi.2010.06.003
solid,(Li0.916Mg0.084)(Li0.352Mg0.016Ti1.634)O4,25,1.730000E-08,-7.761953897,oxides,Halides,10.1016/j.ssi.2010.06.003
solid,Ba3LiTa5ZrSi4O26,25,1.000000E-10,-10.000000000,oxides,Halides,10.1016/j.ssi.2015.08.011
solid,Li(Li0.34Ti1.66)O4,25,6.030000E-08,-7.219682688,oxides,Halides,10.1016/j.ssi.2010.06.003
solid,Li0.9Sc0.9Zr0.1O2,25,1.000000E-10,-10.000000000,oxides,Halides,10.2320/matertrans.y-m2016816
solid,Li2CoGe3O8,25,1.000000E-10,-10.000000000,oxides,Halides,10.1039/a800234g
solid,Li2CoTi3O8,25,1.000000E-10,-10.000000000,oxides,Halides,10.1039/a800234g
solid,Li2MgTi3O8,25,1.000000E-10,-10.000000000,oxides,Halides,10.1039/a800234g
solid,Li2ZnGe3O8,25,1.000000E-10,-10.000000000,oxides,Halides,10.1039/a800234g
solid,Li2ZrO3,25,6.100000E-10,-9.214670165,oxides,Halides,10.1016/0167-2738(81)90021-7
solid,Li3BiO3,25,2.400000E-10,-9.619788758,oxides,Halides,10.1016/j.ssi.2015.10.016
solid,Li3BiO4,25,4.100000E-10,-9.387216143,oxides,Halides,10.1016/j.ssi.2015.10.016
solid,Li5AlO4,25,5.000000E-10,-9.301029996,oxides,Halides,10.1016/0025-5408(76)90169-0
solid,Li5BiO5,25,3.900000E-09,-8.408935393,oxides,Halides,10.1016/j.ssi.2015.10.016
solid,Li5GaO4,25,5.000000E-09,-8.301029996,oxides,Halides,10.1016/0025-5408(76)90169-0
solid,LiAlGeO4,25,1.000000E-10,-10.000000000,oxides,Halides,10.1149/2.1111610jes
solid,LiBiO2,25,3.800000E-08,-7.420216403,oxides,Halides,10.1016/j.ssi.2015.10.016
solid,LiGa0.5Al0.5GeO4,25,1.000000E-10,-10.000000000,oxides,Halides,10.1149/2.1111610jes
solid,LiGaGeO4,25,1.000000E-10,-10.000000000,oxides,Halides,10.1149/2.1111610jes
solid,LiGaO2,25,2.400000E-14,-13.619788758,oxides,Halides,10.1007/bf00549810
solid,LiSbO2,25,1.000000E-10,-10.000000000,oxides,Halides,10.1021/ic201183e
solid,LiScO2,25,1.000000E-10,-10.000000000,oxides,Halides,10.2320/matertrans.y-m2016816
solid,LiTa2PO8,25,1.600000E-03,-2.795880017,oxides,Halides,10.1039/c8ta09170f
solid,LiVO3,25,2.050000E-09,-8.688246139,oxides,Halides,10.1006/jssc.2000.9009
solid,LiYO2,25,1.800000E-08,-7.744727495,oxides,Halides,10.1016/0167-2738(81)90021-7
solid,(Ag0.33Li0.67)0.27La0.57TiO3,25,1.000000E-04,-4.000000000,perovskites,Halides,10.1021/cm001207u
solid,(Ag0.5Li0.5)0.27La0.57TiO3,25,2.300000E-05,-4.638272164,perovskites,Halides,10.1021/cm001207u
solid,(Ag0.67Li0.33)0.27La0.57TiO3,25,2.000000E-07,-6.698970004,perovskites,Halides,10.1021/cm001207u
solid,(La0.55Li0.45)(Ti0.9Al0.1)O3,25,1.510000E-03,-2.821023053,perovskites,Halides,10.1016/j.jallcom.2017.05.278
solid,(La0.65Li0.35)(Ti0.7Al0.3)O3,25,1.610000E-04,-3.793174124,perovskites,Halides,10.1016/j.jallcom.2017.05.278
solid,(La0.6Li0.4)(Ti0.8Al0.2)O3,25,5.680000E-04,-3.245651664,perovskites,Halides,10.1016/j.jallcom.2017.05.278
solid,(La0.7Li0.3)(Ti0.6Al0.4)O3,25,1.040000E-07,-6.982966661,perovskites,Halides,10.1016/j.jallcom.2017.05.278
solid,La0.51Li0.34TiO2.94,25,1.000000E-03,-3.000000000,perovskites,Halides,10.1016/0167-2738(94)90309-3
solid,La0.52Li0.45TiO3,25,5.010000E-04,-3.300162274,perovskites,Halides,10.1016/s0167-2738(98)00070-8
solid,La0.54Li0.39TiO3,25,6.510000E-04,-3.186419011,perovskites,Halides,10.1016/s0167-2738(98)00070-8
solid,La0.55Li0.36TiO3,25,6.880000E-04,-3.162411562,perovskites,Halides,10.1016/s0167-2738(98)00070-8
solid,La0.565Li0.305TiO3,25,9.570000E-04,-3.019088062,perovskites,Halides,10.1016/s0167-2738(00)00761-x
solid,La0.56Li0.33TiO3,25,6.680000E-04,-3.175223538,perovskites,Halides,10.1016/s0167-2738(98)00070-8
solid,La0.56Li0.33TiO3,25,1.650000E-04,-3.782516056,perovskites,Halides,10.1016/j.jallcom.2013.04.195
solid,La0.58Li0.27TiO3,25,5.990000E-04,-3.222573178,perovskites,Halides,10.1016/s0167-2738(98)00070-8
solid,La0.595Li0.215TiO3,25,8.530000E-04,-3.069050969,perovskites,Halides,10.1016/s0167-2738(00)00761-x
solid,La0.5Li0.5TiO3,25,9.250000E-04,-3.033858267,perovskites,Halides,10.1016/s0167-2738(00)00761-x
solid,La0.61Li0.18TiO3,25,4.120000E-04,-3.385102784,perovskites,Halides,10.1016/s0167-2738(98)00070-8
solid,La0.62 Li0.14(Mg0.5W0.5)O3,25,1.200000E-05,-4.920818754,perovskites,Halides,10.1016/j.ssi.2004.05.010
solid,La0.62Li0.14TiO3,25,4.420000E-04,-3.354577731,perovskites,Halides,10.1016/s0167-2738(00)00761-x
solid,La0.63Li0.11(Mg0.5W0.5)O3,25,6.800000E-06,-5.167491087,perovskites,Halides,10.1016/j.ssi.2004.05.010
solid,La0.64Li0.08TiO3,25,3.350000E-04,-3.474955193,perovskites,Halides,10.1016/s0167-2738(00)00761-x
solid,La0.65Li0.05(Mg0.5W0.5)O3,25,1.800000E-07,-6.744727495,perovskites,Halides,10.1016/j.ssi.2004.05.010
solid,Li(LaTiO4),25,1.000000E-10,-10.000000000,perovskites,Halides,10.4028/www.scientific.net/msf.321-324.965
solid,Li(NdTiO4),25,1.000000E-10,-10.000000000,perovskites,Halides,10.4028/www.scientific.net/msf.321-324.965
solid,Li0.02Na0.48La0.5Nb2O6,25,3.990000E-06,-5.399027104,perovskites,Halides,10.1134/s002016851103006x
solid,Li0.04Na0.46La0.5Nb2O6,25,5.910000E-06,-5.228412519,perovskites,Halides,10.1134/s002016851103006x
solid,Li0.07Na0.43La0.5Nb2O6,25,1.230000E-05,-4.910094889,perovskites,Halides,10.1134/s002016851103006x
solid,Li0.19La0.67(Ti0.9Co0.1)O3,25,1.080000E-04,-3.966576245,perovskites,Halides,10.1016/j.mseb.2004.07.003
solid,Li0.1Na0.4La0.5Nb2O6,25,1.210000E-05,-4.917214630,perovskites,Halides,10.1134/s002016851103006x
solid,Li0.25La0.25TaO3,25,2.610000E-05,-4.583359493,perovskites,Halides,10.1016/s0167-2738(98)00414-7
solid,Li0.27La0.57TiO3,25,3.400000E-04,-3.468521083,perovskites,Halides,10.1021/cm001207u
solid,Li0.2Ca0.4TaO3,25,3.530000E-09,-8.452225295,perovskites,Halides,10.1016/j.solidstatesciences.2004.05.006
solid,Li0.2Na0.3La0.5Nb2O6,25,1.180000E-05,-4.928117993,perovskites,Halides,10.1134/s002016851103006x
solid,Li0.31La0.63(Ti0.9Co0.1)O3,25,2.600000E-04,-3.585026652,perovskites,Halides,10.1016/j.mseb.2004.07.003
solid,Li0.33La0.56Ti0.92Al0.08O2.92F0.08,25,4.940000E-04,-3.306273051,perovskites,Halides,10.1007/s11581-006-0011-9
solid,Li0.33La0.56Ti0.93Al0.07O2.93F0.07,25,6.450000E-04,-3.190440285,perovskites,Halides,10.1007/s11581-006-0011-9
solid,Li0.33La0.56Ti0.94Al0.06O2.94F0.06,25,1.060000E-04,-3.974694135,perovskites,Halides,10.1007/s11581-006-0011-9
solid,Li0.33La0.56Ti0.95Al0.05O2.95F0.05,25,1.760000E-04,-3.754487332,perovskites,Halides,10.1007/s11581-006-0011-9
solid,Li0.33La0.56Ti0.97Al0.03O2.97F0.03,25,9.280000E-04,-3.032452024,perovskites,Halides,10.1007/s11581-006-0011-9
solid,Li0.33La0.56Ti0.98Al0.02O2.98F0.02,25,1.060000E-03,-2.974694135,perovskites,Halides,10.1007/s11581-006-0011-9
solid,Li0.33La0.56Ti0.99Al0.01O2.99F0.01,25,9.800000E-04,-3.008773924,perovskites,Halides,10.1007/s11581-006-0011-9
solid,Li0.3Na0.2La0.5Nb2O6,25,1.110000E-05,-4.954677021,perovskites,Halides,10.1134/s002016851103006x
solid,Li0.4Na0.1La0.5Nb2O6,25,9.920000E-06,-5.003488328,perovskites,Halides,10.1134/s002016851103006x
solid,LiLaNb2O7,25,1.000000E-08,-8.000000000,perovskites,Halides,10.1016/0925-8388(93)90192-p
solid,Nd0.25Li0.25TaO3,25,1.310000E-08,-7.882728704,perovskites,Halides,10.1016/s0167-2738(98)00414-7
solid,Nd0.55Li0.34TiO3,25,8.000000E-08,-7.096910013,perovskites,Halides,10.1016/0167-2738(94)90310-7
solid,Pr0.56Li0.34TiO3.01,25,1.000000E-06,-6.000000000,perovskites,Halides,10.1016/0167-2738(94)90310-7
solid,Li6Zr2O7,25,5.200000E-10,-9.283996656,zirconates,Halides,10.3103/s1062873810050199
solid,LiBH4,27,9.89E-08,-7.004803708,Other,Other,10.1021/acsomega.8b00377
solid,Li6.46Al0.15La3Zr1.95O11.86,25,8.30E-05,-4.080921908,Garnet,Oxides,10.1016/j.ensm.2019.08.017
solid,Li6.4Al0.19La3Zr2O11.8,24.85,3.10E-04,-3.508638306,Garnet,Oxides,10.1016/j.jpowsour.2012.02.100
solid,Li6.4La3Zr1.4Ta0.6O12,34,2.06E-03,-2.68613278,Garnet,Oxides,10.1039/C2JM31413D
solid,Li6.55La3Zr2Ga0.9O12,24.85,1.30E-03,-2.886056648,Garnet,Oxides,10.1021/cm5008069
solid,Li6.5La2.9Ba0.1Zr1.4Ta0.6O12,26.85,8.30E-04,-3.080921908,Garnet,Oxides,10.3389/fenrg.2016.00028
solid,Li6.5La3Zr1.5Ta0.5O12,26.85,7.94E-04,-3.100179498,Garnet,Oxides,10.3389/fenrg.2016.00028
solid,Li6.5La3Zr1.75Te0.25O12,29.85,1.07E-04,-3.972242795,Garnet,Oxides,10.1016/j.jpowsour.2013.03.166
solid,Li6.75La3Zr1.75Ta0.25O12,25,8.96E-04,-3.04769199,Garnet,Oxides,10.1016/j.jpowsour.2012.01.131
solid,Li6La2SrNb2O12,25,6.21E-07,-6.2069084,Garnet,Oxides,10.1016/j.ssi.2008.01.047
solid,Li7.06La3Zr1.94Y0.06O12,25,9.56E-04,-3.019542108,Garnet,Oxides,10.1016/j.elecom.2011.08.014
solid,Li7La3Zr2O12,24.85,5.11E-04,-3.2915791,Garnet,Oxides,10.1002/anie.200701144
solid,Li7La3Zr2O12,24.85,1.63E-06,-5.787812396,Garnet,Oxides,10.1016/j.jssc.2009.05.020
solid,"""(Li2O)50 (Al2O3)4 (P2O5)46""",25,9.12E-09,-8.040005162,Glass,Oxides,10.1016/j.jeurceramsoc.2008.12.016
solid,"""(Li2O)50((SeO2)0.5 (B2O3)0.5)50""",27,7.54E-07,-6.122628654,Glass,Oxides,10.1016/S0167-2738(02)00137-6
solid,Li9SiAlO8,30,2.30E-07,-6.638272164,Glass,Oxides,10.1149/1.1836980
solid,Li1.6Al0.6Ge1.4 (PO4)3,25,3.80E-04,-3.420216403,Glass-Ceramic,Oxides,10.1016/S0167-2738(97)00434-7
solid,Li3.2Ge0.2P0.8O4,30,1.14E-06,-5.943095149,LISICON,Oxides,10.1021/acs.chemmater.8b01504
solid,Li3.2Ge0.2V0.8O4,30,1.90E-05,-4.721246399,LISICON,Oxides,10.1021/acs.chemmater.8b01504
solid,Li3.4Ge0.4P0.6O4,30,4.50E-06,-5.346787486,LISICON,Oxides,10.1021/acs.chemmater.8b01504
solid,Li3.4Ge0.4V0.6O4,30,8.89E-07,-6.051098239,LISICON,Oxides,10.1021/acs.chemmater.8b01504
solid,Li3.6Ge0.6P0.4O4,30,1.10E-05,-4.958607315,LISICON,Oxides,10.1021/acs.chemmater.8b01504
solid,Li3.6Ge0.6V0.4O4,30,3.19E-05,-4.496209317,LISICON,Oxides,10.1021/acs.chemmater.8b01504
solid,Li3.8Ge0.8P0.2O4,30,1.03E-06,-5.987162775,LISICON,Oxides,10.1021/acs.chemmater.8b01504
solid,Li3.8Ge0.8V0.2O4,30,2.71E-06,-5.567030709,LISICON,Oxides,10.1021/acs.chemmater.8b01504
solid,Li3P0.2V0.8O4,30,1.31E-13,-12.88438949,LISICON,Oxides,10.1021/acs.chemmater.8b01504
solid,Li3P0.6V0.4O4,30,3.20E-13,-12.49485002,LISICON,Oxides,10.1021/acs.chemmater.8b01504
solid,Li3P0.8V0.2O4,30,2.05E-13,-12.68824614,LISICON,Oxides,10.1021/acs.chemmater.8b01504
solid,Li3PO4,30,1.75E-13,-12.75696195,LISICON,Oxides,10.1021/acs.chemmater.8b01504
solid,Li3V0.6P0.4O4,30,3.55E-13,-12.44977165,LISICON,Oxides,10.1021/acs.chemmater.8b01504
solid,Li3VO4,30,9.20E-14,-13.03621217,LISICON,Oxides,10.1021/acs.chemmater.8b01504
solid,Li4GeO4,30,1.30E-12,-11.88605665,LISICON,Oxides,10.1021/acs.chemmater.8b01504
solid,Li0.2Zr1.2Nb0.8(PO4)3,25,2.38E-07,-6.623423043,NASICON,Oxides,10.1016/0025-5408(89)90129-3
solid,Li0.7Al0.3Ti1.7(PO4)3,25,5.88E-04,-3.230622674,NASICON,Oxides,10.1149/1.2086597
solid,Li0.98Zr1.98Nb0.02(PO4)3,25,2.50E-07,-6.602059991,NASICON,Oxides,10.1016/j.ssi.2003.12.037
solid,Li0.9Zr1.9Nb0.1(PO4)3,25,1.35E-06,-5.869666232,NASICON,Oxides,10.1016/j.ssi.2003.12.037
solid,Li1.02Zr1.98Y0.02(PO4)3,25,1.15E-07,-6.93930216,NASICON,Oxides,10.1016/j.ssi.2003.12.037
solid,Li1.05Al0.05Ti1.95(PO4),25,1.40E-06,-5.853871964,NASICON,Oxides,10.1021/cm010528i
solid,Li1.15Fe0.15Ti1.85(PO4)3,25,5.22E-04,-3.282329497,NASICON,Oxides,10.1007/s11164-013-1348-0
solid,Li1.15Y0.15Zr1.85(PO4)3,25,7.10E-05,-4.148741651,NASICON,Oxides,10.1016/j.jpowsour.2013.03.175
solid,Li1.1Al0.1Ge1.9(PO4)3,25,2.90E-06,-5.537602002,NASICON,Oxides,10.1016/S0955-2219(99)00055-2
solid,Li1.1Al0.1Ti1.9(PO4)3,25,3.00E-05,-4.522878745,NASICON,Oxides,10.1016/S0955-2219(99)00055-2
solid,Li1.1Cr0.1Hf1.9(PO4)3,25,9.35E-08,-7.029188389,NASICON,Oxides,10.1016/0167-2738(93)90387-I
solid,Li1.1Fe0.1Hf1.9(PO4)3,25,1.07E-04,-3.970616222,NASICON,Oxides,10.1016/0167-2738(93)90387-I
solid,Li1.1In0.1Hf1.9(PO4)3,25,1.00E-06,-6,NASICON,Oxides,10.1016/0167-2738(93)90387-I
solid,Li1.1Lu0.1Hf1.9(PO4)3,25,5.88E-05,-4.230622674,NASICON,Oxides,10.1016/0167-2738(93)90387-I
solid,Li1.1Sc0.1Hf1.9(PO4)3,25,2.45E-05,-4.610833916,NASICON,Oxides,10.1016/0167-2738(93)90387-I
solid,Li1.1Sc0.1Ti1.9(PO4)3,25,1.58E-04,-3.801342913,NASICON,Oxides,10.1016/0167-2738(86)90179-7
solid,Li1.1Y0.1Hf1.9(PO4)3,25,9.18E-05,-4.037157319,NASICON,Oxides,10.1016/0167-2738(93)90387-I
solid,Li1.2Al0.2Ge0.8Ti(PO4)3,25,3.00E-05,-4.522878745,NASICON,Oxides,10.1021/cm021717j
solid,Li1.2Al0.2Ge1.0Ti0.8(PO4)3,25,3.00E-05,-4.522878745,NASICON,Oxides,10.1021/cm021717j
solid,Li1.2Al1.1Ta0.9(PO4)3,30,6.50E-07,-6.187086643,NASICON,Oxides,10.1039/A807007E
solid,Li1.2Cr0.2Hf1.8(PO4)3,25,2.54E-07,-6.595166283,NASICON,Oxides,10.1016/0167-2738(93)90387-I
solid,Li1.2Cr0.2Ti1.8(PO4)3,25,1.83E-05,-4.73754891,NASICON,Oxides,10.1149/1.2086597
solid,Li1.2Fe0.2Hf1.8(PO4)3,25,1.70E-04,-3.769551079,NASICON,Oxides,10.1016/0167-2738(93)90387-I
solid,Li1.2Fe0.2Ti1.8(PO4)3,25,3.51E-04,-3.454692884,NASICON,Oxides,10.1149/1.2086597
solid,Li1.2In0.2Hf1.8(PO4)3,25,1.32E-04,-3.879426069,NASICON,Oxides,10.1016/0167-2738(93)90387-I
solid,Li1.2In0.2Ti1.8(PO4)3,25,4.01E-04,-3.396855627,NASICON,Oxides,10.1149/1.2086597
solid,Li1.2La0.2Ti1.8(PO4)3,25,5.28E-04,-3.277366077,NASICON,Oxides,10.1149/1.2096693
solid,Li1.2Lu0.2Hf1.8(PO4)3,25,9.79E-05,-4.009217308,NASICON,Oxides,10.1016/0167-2738(93)90387-I
solid,Li1.2Sc0.2Hf1.8(PO4)3,25,5.86E-05,-4.232102384,NASICON,Oxides,10.1016/0167-2738(93)90387-I
solid,Li1.2Sc0.2Ti0.2Zr1.5(PO4)3,25,3.10E-07,-6.508638306,NASICON,Oxides,10.1016/0167-2738(86)90179-7
solid,Li1.2Sc0.2Ti1.6Zr0.2(PO4)3,25,1.20E-04,-3.920818754,NASICON,Oxides,10.1016/0167-2738(86)90179-7
solid,Li1.2Sc0.2Ti1.8(PO4)3,25,2.46E-04,-3.609064893,NASICON,Oxides,10.1016/0167-2738(86)90179-7
solid,Li1.2Ti1.8Sc0.2(PO4)3,25,2.31E-04,-3.63638802,NASICON,Oxides,10.1021/acs.inorgchem.6b02274
solid,Li1.2Y0.2Hf1.8(PO4)3,25,3.19E-05,-4.496209317,NASICON,Oxides,10.1016/0167-2738(93)90387-I
solid,Li1.2Y0.2Ti1.8(PO4)3,25,5.04E-04,-3.297569464,NASICON,Oxides,10.1149/1.2086597
solid,Li1.35Al0.35Ge0.2Ti1.45(PO4)3,25,6.18E-04,-3.209011525,NASICON,Oxides,10.3389/fenrg.2016.00012
solid,Li1.3Al0.15Y0.15Ti1.7(PO4)3,25,1.90E-05,-4.721246399,NASICON,Oxides,10.1016/j.ssi.2012.05.011
solid,Li1.3Al0.1Sc0.2Ti1.7(PO4)3,25,4.26E-04,-3.370590401,NASICON,Oxides,10.1007/s10008-012-1780-x
solid,Li1.3Al0.1Y0.2Ti1.7(PO4)3,25,7.30E-05,-4.13667714,NASICON,Oxides,10.1016/j.ssi.2012.05.011
solid,Li1.3Al0.2Sc0.1Ti1.7(PO4)3,25,2.69E-04,-3.57024772,NASICON,Oxides,10.1007/s10008-012-1780-x
solid,Li1.3Al0.2Y0.1Ti1.7(PO4)3,25,1.20E-04,-3.920818754,NASICON,Oxides,10.1016/j.ssi.2012.05.011
solid,Li1.3Al0.3Ge1.7(PO4)3,25,3.90E-05,-4.408935393,NASICON,Oxides,10.1016/S0955-2219(99)00055-2
solid,Li1.3Al0.3Ti1.7(PO4)3,24.85,6.20E-03,-2.207608311,NASICON,Oxides,10.1016/j.ssi.2014.07.018
solid,Li1.3Al0.3Ti1.7(PO4)3,24.85,1.21E-03,-2.91721463,NASICON,Oxides,10.1016/j.ssi.2016.07.010
solid,Li1.3Al0.3Ti1.7(PO4)3,25,2.16E-03,-2.665546249,NASICON,Oxides,10.1149/1.2086597
solid,Li1.3Al0.3Ti1.7(PO4)3,25,3.00E-03,-2.522878745,NASICON,Oxides,10.1016/S0955-2219(99)00055-2
solid,Li1.3Cr0.3Ge1.7(PO4)3,25,3.69E-05,-4.432973634,NASICON,Oxides,10.1016/0167-2738(88)90368-2
solid,Li1.3Cr0.3Ge1.7(PO4)3,25,2.44E-05,-4.612610174,NASICON,Oxides,10.1246/bcsj.65.2200
solid,Li1.3Cr0.3Hf1.7(PO4)3,25,5.26E-07,-6.279014256,NASICON,Oxides,10.1016/0167-2738(93)90387-I
solid,Li1.3Cr0.3Ti1.7 (PO4)3,25,3.53E-05,-4.452225295,NASICON,Oxides,10.1149/1.2086597
solid,Li1.3Eu0.3Ti1.7(PO4)3,25,6.00E-05,-4.22184875,NASICON,Oxides,10.1016/0167-2738(94)90299-2
solid,Li1.3Fe0.3Ge1.7(PO4)3,25,3.67E-05,-4.435333936,NASICON,Oxides,10.1246/bcsj.65.2200
solid,Li1.3Fe0.3Hf1.7(PO4)3,25,5.40E-05,-4.26760624,NASICON,Oxides,10.1016/0167-2738(93)90387-I
solid,Li1.3In0.3Ge1.7(PO4)3,25,9.22E-06,-5.035269079,NASICON,Oxides,10.1246/bcsj.65.2200
solid,Li1.3In0.3Hf1.7(PO4)3,25,1.00E-05,-5,NASICON,Oxides,10.1016/0167-2738(86)90179-7
solid,Li1.3In0.3Hf1.7(PO4)3,25,1.42E-04,-3.847711656,NASICON,Oxides,10.1016/0167-2738(93)90387-I
solid,Li1.3La0.3Ti1.7(PO4)3,25,5.28E-04,-3.277366077,NASICON,Oxides,10.1149/1.2096693
solid,Li1.3Lu0.3Hf1.7(PO4)3,25,3.56E-05,-4.448550002,NASICON,Oxides,10.1016/0167-2738(93)90387-I
solid,Li1.3Sc0.3Ge1.7(PO4)3,25,2.98E-05,-4.525783736,NASICON,Oxides,10.1246/bcsj.65.2200
solid,Li1.3Sc0.3Hf1.7(PO4)3,25,8.32E-05,-4.079876674,NASICON,Oxides,10.1016/0167-2738(93)90387-I
solid,Li1.3Sc0.3Ti1.7(PO4)3,25,5.68E-04,-3.245651664,NASICON,Oxides,10.1016/0167-2738(86)90179-7
solid,Li1.3Sc0.3Ti1.7(PO4)3,25,7.94E-04,-3.100179498,NASICON,Oxides,10.1149/1.2086597
solid,Li1.3Y0.3Hf1.7(PO4)3,25,3.19E-05,-4.496209317,NASICON,Oxides,10.1016/0167-2738(93)90387-I
solid,Li1.3Y0.3Ti1.7(PO4)3,25,5.54E-04,-3.256490235,NASICON,Oxides,10.1149/1.2086597
solid,Li1.40Al0.4Ge0.2Ti1.4(PO4)3,25,1.00E-03,-3,NASICON,Oxides,10.3389/fenrg.2016.00012
solid,Li1.45Al0.45Ge0.2Ti1.35(PO4)3,25,1.01E-03,-2.995678626,NASICON,Oxides,10.3389/fenrg.2016.00012
solid,Li1.45Al0.45Ti1.55(PO4),25,2.90E-04,-3.537602002,NASICON,Oxides,10.5796/electrochemistry.82.870
solid,Li1.4Al0.4Ge0.2Ti1.4(PO4)3,25,1.29E-03,-2.88941029,NASICON,Oxides,10.1016/j.ssi.2013.09.022
solid,Li1.4Al0.4Ge0.8Ti0.8(PO4)3,25,6.00E-05,-4.22184875,NASICON,Oxides,10.1021/cm021717j
solid,Li1.4Al0.4Ge1.0Ti0.6(PO4)3,25,8.00E-05,-4.096910013,NASICON,Oxides,10.1021/cm021717j
solid,Li1.4Al0.4Ge1.2Ti0.4(PO4)3,25,3.43E-04,-3.46470588,NASICON,Oxides,10.1016/j.ssi.2013.09.022
solid,Li1.4Al0.4Ge1.6(PO4)3,25,1.77E-04,-3.752026734,NASICON,Oxides,10.1016/j.ssi.2013.09.022
solid,Li1.4Al0.4Ti1.6(PO4)3,24.85,5.63E-03,-2.249491605,NASICON,Oxides,10.1039/C5TA08545D
solid,Li1.4Cr0.4Ti1.6(PO4)3,25,1.50E-04,-3.823908741,NASICON,Oxides,10.1149/1.2086597
solid,Li1.4Fe0.4Ti1.6(PO4)3,25,3.86E-04,-3.413412695,NASICON,Oxides,10.1149/1.2086597
solid,Li1.4In0.4Hf1.6(PO4)3,25,1.42E-04,-3.847711656,NASICON,Oxides,10.1016/0167-2738(93)90387-I
solid,Li1.4In0.4Ti1.6(PO4)3,25,3.00E-04,-3.522878745,NASICON,Oxides,10.1149/1.2086597
solid,Li1.4La0.4Ti1.6(PO4)3,25,4.97E-04,-3.303643611,NASICON,Oxides,10.1149/1.2096693
solid,Li1.4Lu0.4Hf1.6(PO4)3,25,2.06E-05,-4.68613278,NASICON,Oxides,10.1016/0167-2738(93)90387-I
solid,Li1.4Sc0.4Hf1.6(PO4)3,25,6.17E-05,-4.209714836,NASICON,Oxides,10.1016/0167-2738(93)90387-I
solid,Li1.4Sc0.4Ti1.6(PO4)3,25,5.15E-04,-3.288192771,NASICON,Oxides,10.1149/1.2086597
solid,Li1.4Y0.4Hf1.6(PO4)3,25,2.09E-05,-4.679853714,NASICON,Oxides,10.1016/0167-2738(93)90387-I
solid,Li1.4Y0.4Ti1.6(PO4)3,25,6.10E-04,-3.214670165,NASICON,Oxides,10.1149/1.2096693
solid,Li1.50Al0.50Ge0.2Ti1.3(PO4)3,25,7.37E-04,-3.132532512,NASICON,Oxides,10.3389/fenrg.2016.00012
solid,Li1.55Al0.55Ge0.2Ti1.25(PO4)3,25,7.02E-05,-4.153662888,NASICON,Oxides,10.3389/fenrg.2016.00012
solid,Li1.5Al0.5Ge1.5(PO4)3,25,2.18E-04,-3.661543506,NASICON,Oxides,10.1016/S0167-2738(97)00434-7
solid,Li1.5Al0.5Ge1.5(PO4)3,25,2.80E-04,-3.552841969,NASICON,Oxides,10.1016/S0955-2219(99)00055-2
solid,Li1.5Al0.5Ti1.5(PO4)3,25,1.10E-05,-4.958607315,NASICON,Oxides,10.1021/cm010528i
solid,Li1.5Cr0.5Hf1.5(PO4)3,25,1.18E-07,-6.928117993,NASICON,Oxides,10.1016/0167-2738(93)90387-I
solid,Li1.5Cr0.5Ti1.5(PO4)3,25,3.91E-04,-3.407823243,NASICON,Oxides,10.1149/1.2086597
solid,Li1.5Fe0.5Ti1.5(PO4)3,25,1.75E-04,-3.756961951,NASICON,Oxides,10.1149/1.2086597
solid,Li1.5Ga0.5Ge1.5(PO4)3,25,1.17E-04,-3.931814138,NASICON,Oxides,10.1246/bcsj.65.2200
solid,Li1.5In0.5Ge1.5(PO4)3,25,5.75E-06,-5.240332155,NASICON,Oxides,10.1246/bcsj.65.2200
solid,Li1.5In0.5Ti1.5(PO4)3,25,2.04E-04,-3.690369833,NASICON,Oxides,10.1149/1.2086597
solid,Li1.5La0.5Ti1.5(PO4)3,25,2.82E-04,-3.549750892,NASICON,Oxides,10.1149/1.2096693
solid,Li1.5Sc0.5Ge1.5(PO4)3,25,2.51E-05,-4.600326279,NASICON,Oxides,10.1246/bcsj.65.2200
solid,Li1.5Y0.5Ti1.5(PO4)3,25,5.44E-05,-4.2644011,NASICON,Oxides,10.1149/1.2086597
solid,Li1.6Al0.6Ge0.8(PO4)3,24.85,7.00E-04,-3.15490196,NASICON,Oxides,10.1021/cm021717j
solid,Li1.6Al0.6Ge0.8Ti0.6(PO4)3,25,1.10E-04,-3.958607315,NASICON,Oxides,10.1021/cm021717j
solid,Li1.6Al0.6Ge1.0Ti0.4(PO4)3,25,5.00E-05,-4.301029996,NASICON,Oxides,10.1021/cm021717j
solid,Li1.6Al0.6Ge1.4(PO4)3,25,1.40E-04,-3.853871964,NASICON,Oxides,10.1016/S0955-2219(99)00055-2
solid,Li1.6Cr0.6Ti1.4(PO4)3,25,1.47E-04,-3.832682665,NASICON,Oxides,10.1149/1.2086597
solid,Li1.6Ga0.6Ti1.4(PO4)3,25,1.30E-05,-4.886056648,NASICON,Oxides,10.1016/0167-2738(86)90176-1
solid,Li1.7Al0.7Ge1.3(PO4)3,25,1.50E-04,-3.823908741,NASICON,Oxides,10.1016/S0955-2219(99)00055-2
solid,Li1.7Al0.7Ti1.3(PO4)3,25,3.70E-05,-4.431798276,NASICON,Oxides,10.1016/S0955-2219(99)00055-2
solid,Li1.7Fe0.7Ge1.3(PO4)3,25,2.37E-05,-4.625251654,NASICON,Oxides,10.1246/bcsj.65.2200
solid,Li1.7Ga0.7Ge1.3(PO4)3,25,2.43E-05,-4.614393726,NASICON,Oxides,10.1246/bcsj.65.2200
solid,Li1.8Al0.8Ge0.8Ti0.4(PO4)3,25,7.00E-05,-4.15490196,NASICON,Oxides,10.1021/cm021717j
solid,Li1.8Al0.8Ge1.0Ti0.2(PO4)3,25,3.00E-05,-4.522878745,NASICON,Oxides,10.1021/cm021717j
solid,Li1.8Sc0.8Ti1.2(PO4)3,25,8.80E-04,-3.055517328,NASICON,Oxides,10.1016/0167-2738(86)90179-7
solid,Li2CrTi(PO4)3,25,4.41E-07,-6.355561411,NASICON,Oxides,10.1016/S0167-2738(96)00565-6
solid,Li2CrZr(PO4)3,25,5.91E-07,-6.228412519,NASICON,Oxides,10.1016/S0167-2738(96)00565-6
solid,Li2FeTi(PO4)3,25,3.34E-07,-6.476253533,NASICON,Oxides,10.1016/S0167-2738(96)00565-6
solid,Li2FeZr(PO4)3,25,1.44E-07,-6.841637508,NASICON,Oxides,10.1016/S0167-2738(96)00565-6
solid,Li2InHf(PO4)3,25,2.74E-08,-7.562249437,NASICON,Oxides,10.1016/S0167-2738(96)00565-6
solid,Li2InTi(PO4)3,25,8.30E-06,-5.080921908,NASICON,Oxides,10.1016/S0167-2738(96)00565-6
solid,Li2InZr(PO4)3,25,8.22E-08,-7.085128182,NASICON,Oxides,10.1016/S0167-2738(96)00565-6
solid,Li3Al0.4Sc1.6(PO4)3,25,1.28E-05,-4.89279003,NASICON,Oxides,10.1016/0167-2738(93)90015-U
solid,LiAlSb(PO4)3,30,3.17E-08,-7.498940738,NASICON,Oxides,10.1063/1.2357843
solid,LiAlTa(PO4)3,30,6.50E-07,-6.187086643,NASICON,Oxides,10.1039/A807007E
solid,LiCrSb(PO4)3,30,3.57E-10,-9.447331784,NASICON,Oxides,10.1063/1.2357843
solid,LiFeSb(PO4)3,30,1.37E-06,-5.863279433,NASICON,Oxides,10.1063/1.2357843
solid,LiGe2(PO4)3,21.23,1.00E-06,-6,NASICON,Oxides,10.1016/S0167-2738(97)00434-7
solid,LiGe2(PO4)3,25,7.20E-07,-6.142667504,NASICON,Oxides,10.1021/jp9085602
solid,LiHf2(PO4)3,25,3.80E-06,-5.420216403,NASICON,Oxides,10.1016/B978-0-08-021592-1.50024-6
solid,LiHfTi(PO4)3,23,5.63E-07,-6.249491605,NASICON,Oxides,10.1016/0025-5408(89)90129-3
solid,LiSn2(PO4)3,25,2.00E-09,-8.698970004,NASICON,Oxides,10.1149/1.2220723
solid,LiTi0.1Zr1.9(PO4)3,25,3.20E-08,-7.494850022,NASICON,Oxides,10.1016/0167-2738(86)90179-7
solid,LiTi0.2Zr1.8(PO4)3,25,5.60E-08,-7.251811973,NASICON,Oxides,10.1016/0167-2738(86)90179-7
solid,LiTi0.5Zr1.5(PO4)3,25,6.20E-08,-7.207608311,NASICON,Oxides,10.1016/0167-2738(86)90179-7
solid,LiTi1.8Zr0.2(PO4)3,25,8.50E-08,-7.070581074,NASICON,Oxides,10.1016/0167-2738(86)90179-7
solid,LiTi2(PO4)3,24.85,3.83E-07,-6.416801226,NASICON,Oxides,10.1021/jp973296c
solid,LiTi2(PO4)3,25,7.20E-05,-4.142667504,NASICON,Oxides,10.1007/s11164-013-1348-0
solid,LiTi2P3O12,30,4.00E-07,-6.397940009,NASICON,Oxides,10.1016/0167-2738(94)90332-8
solid,LiTiZr(PO4)3,25,4.00E-08,-7.397940009,NASICON,Oxides,10.1016/0167-2738(86)90179-7
solid,LiZr2(PO4)3,25,3.30E-06,-5.48148606,NASICON,Oxides,10.1016/0167-2738(90)90188-W
solid,LiZr2(PO4)3,25,5.00E-08,-7.301029996,NASICON,Oxides,10.1016/j.jpowsour.2013.03.175
solid,LiZr2P3O12,30,5.00E-08,-7.301029996,NASICON,Oxides,10.1016/0167-2738(94)90332-8
solid,LiFePO4 ,30,1.10E-09,-8.958607315,Olivine,Oxides,10.1016/j.ssi.2008.06.028
solid,(La0.5Li0.5)TiO3,25,1.00E-03,-3,Perovskite,Oxides,10.1016/0167-2738(94)90309-3
solid,La0.51Li0.36Ti0.95W0.05O3,25,7.30E-04,-3.13667714,Perovskite,Oxides,10.1007/BF02375549
solid,La0.54Li0.36TiO3,25,8.90E-04,-3.050609993,Perovskite,Oxides,10.1007/BF02375549
solid,La0.55Li0.36Ti0.95Ge0.05O3,25,3.60E-04,-3.443697499,Perovskite,Oxides,10.1007/BF02375549
solid,La0.55Li0.36Ti0.95Mn0.05O3,25,1.90E-04,-3.721246399,Perovskite,Oxides,10.1007/BF02375549
solid,La0.55Li0.36Ti0.95Ru0.05O3,25,5.20E-05,-4.283996656,Perovskite,Oxides,10.1007/BF02375549
solid,La0.55Li0.36Ti0.995Al0.005O3,25,1.10E-03,-2.958607315,Perovskite,Oxides,10.1007/BF02375549
solid,La0.57Li0.29TiO3,26.85,1.60E-03,-2.795880017,Perovskite,Oxides,10.1016/j.jpowsour.2012.11.098
solid,La0.58Li0.36Ti0.95Mg0.05O3,25,2.10E-04,-3.677780705,Perovskite,Oxides,10.1007/BF02375549
solid,Li0.245La0.592Ti0.98Mn0.02O3,25,1.00E-03,-3,Perovskite,Oxides,10.1006/jssc.1998.7904
solid,Li0.24La0.59TiO3,29,7.60E-05,-4.119186408,Perovskite,Oxides,10.1016/j.ssi.2009.08.002
solid,Li0.34La0.51TiO2.94,27,1.02E-03,-2.991399828,Perovskite,Oxides,10.1016/0038-1098(93)90841-A
solid,Li2Ti0.75Ta0.25O3.125,300,9.00E-05,-4.045757491,Rocksalt,Oxides,10.1016/j.fusengdes.2010.04.003
solid,Li2.1OH0.9Cl,26,8.05E-08,-7.09420412,Anti-Perovskite,Oxides and Other Anions,10.1002/aenm.201700971
solid,Li2.4OH0.6Cl,26,8.90E-08,-7.050609993,Anti-Perovskite,Oxides and Other Anions,10.1002/aenm.201700971
solid,Li2.7OH0.3Cl,26,7.30E-09,-8.13667714,Anti-Perovskite,Oxides and Other Anions,10.1002/aenm.201700971
solid,Li2OHBr,22.06,5.40E-07,-6.26760624,Anti-Perovskite,Oxides and Other Anions,10.1002/aenm.201700971
solid,Li2OHCl,26,7.11E-08,-7.148130399,Anti-Perovskite,Oxides and Other Anions,10.1002/aenm.201700971
solid,Li3OBr,25,1.06E-06,-5.974694135,Anti-Perovskite,Oxides and Other Anions,10.1016/j.ssi.2015.11.027
solid,Li6PO5Cl,25,1.00E-09,-9,Argyrodite,Oxides and Other Anions,10.1002/zaac.201000121
solid,LiP0.9I0.1O2.7,25,3.98E-04,-3.400116928,Glass,Oxides and Other Anions,10.1007/s11581-008-0252-x
solid,Li3.2PO3.1N0.7,25,5.00E-07,-6.301029996,LISICON,Oxides and Other Anions,10.1016/j.ssi.2005.10.021
solid,Li2NaBP2O8,25,4.400000E-18,-17.356547324,Borophosphates,Phosphates and Borates,10.1016/j.jssc.2014.11.024
solid,Li3BP2O8,25,9.600000E-12,-11.017728767,Borophosphates,Phosphates and Borates,10.1039/C3DT52917G
solid,Li4P2O7,25,1.000000E-10,-10.000000000,diphosphate,Phosphates and Borates,10.1016/j.jssc.2013.12.015
solid,Li9Mg3(PO4)4F3,25,1.000000E-10,-10.000000000,fluorophosphates,Phosphates and Borates,10.1039/c3ta15264b
solid,Li3.5Zn0.5Ga0.5(PO4)2,25,1.000000E-10,-10.000000000,phosphates,Phosphates and Borates,10.1021/acs.chemmater.7b05139
solid,Li3.7Zn0.7Ga0.3(PO4)2,25,5.650000E-12,-11.247951552,phosphates,Phosphates and Borates,10.1021/acs.chemmater.7b05139
solid,Li3P,25,7.030000E-04,-3.153044675,phosphates,Phosphates and Borates,10.1016/0167-2738(89)90438-4
solid,Li4Zn(PO4)2,25,5.550000E-18,-17.255707017,phosphates,Phosphates and Borates,10.1021/acs.chemmater.7b05139
solid,Li8GeP4,25,1.800000E-05,-4.744727495,phosphates,Phosphates and Borates,10.1021/acs.chemmater.8b02759
solid,LiGd(PO3)4,25,1.000000E-10,-10.000000000,phosphates,Phosphates and Borates,10.1016/j.jssc.2006.06.003
solid,Pb6.12Ca1.9Li1.96(PO4)6,25,1.000000E-10,-10.000000000,phosphates,Phosphates and Borates,10.1006/jssc.2002.9596
solid,Li2BaP2O7,25,1.598810E-17,-16.796203144,pyrophosphate,Phosphates and Borates,10.1007/s11581-014-1261-6
solid,Li4SnS4,25,7.000000E-05,-4.154901960,Chalcogenidotetrelates,Sulfides and Chalcogenides,10.1021/cm3011315
solid,Li4SnSe4,25,2.000000E-05,-4.698970004,Chalcogenidotetrelates,Sulfides and Chalcogenides,10.1021/cm400541n
solid,Li10(Ge0.416Sn0.584)P2S12,25,7.430000E-03,-2.129011186,LGPS,Sulfides and Chalcogenides,10.1021/acs.chemmater.8b00266
solid,Li10(Ge0.776Sn0.224)P2S12,25,1.410000E-02,-1.850780887,LGPS,Sulfides and Chalcogenides,10.1021/acs.chemmater.8b00266
solid,Li10.05Ge1.05P1.95S12,25,1.220000E-02,-1.913640169,LGPS,Sulfides and Chalcogenides,10.1039/c4ta05231e
solid,Li10.2(Sn0.2Si0.8)1.2P1.8S12,25,7.820000E-03,-2.106793247,LGPS,Sulfides and Chalcogenides,10.1021/acs.chemmater.7b00886
solid,Li10.2Ge1.2P1.8S12,25,1.320000E-02,-1.879426069,LGPS,Sulfides and Chalcogenides,10.1039/c4ta05231e
solid,Li10.35(Sn0.27Si1.08)P1.65S12,25,1.100000E-02,-1.958607315,LGPS,Sulfides and Chalcogenides,10.1021/acs.chemmater.7b00886
solid,Li10.35Ge1.35P1.65S12,25,1.440000E-02,-1.841637508,LGPS,Sulfides and Chalcogenides,10.1039/c4ta05231e
solid,Li10.35Si1.35P1.65S12,25,6.500000E-03,-2.187086643,LGPS,Sulfides and Chalcogenides,10.1107/s2052520615022283
solid,Li10.5(Sn0.2Si0.8)1.5P1.5S12,25,8.790000E-03,-2.056011125,LGPS,Sulfides and Chalcogenides,10.1021/acs.chemmater.7b00886
solid,Li10.5Ge1.5P1.5S12,25,1.100000E-02,-1.958607315,LGPS,Sulfides and Chalcogenides,10.1039/c4ta05231e
solid,Li10GeP2S12,25,1.210000E-02,-1.917214630,LGPS,Sulfides and Chalcogenides,10.1039/c4ta05231e|10.1021/acs.chemmater.7b00886
solid,Li10GeP2S12,25,2.460000E-02,-1.609064893,LGPS,Sulfides and Chalcogenides,10.1021/acs.chemmater.8b00266
solid,Li10GeP2S12,25,1.200000E-02,-1.920818754,LGPS,Sulfides and Chalcogenides,10.1038/nmat3066
solid,Li10GeP2S12,25,1.430000E-03,-2.844663963,LGPS,Sulfides and Chalcogenides,10.1016/j.ssi.2017.01.014
solid,Li10SiP2S12,25,2.300000E-03,-2.638272164,LGPS,Sulfides and Chalcogenides,10.1149/2.0501412jes
solid,Li10SnP2S12,25,7.000000E-03,-2.154901960,LGPS,Sulfides and Chalcogenides,10.1021/ja407393y
solid,Li10SnP2S12,25,3.980000E-03,-2.400116928,LGPS,Sulfides and Chalcogenides,10.1021/acs.chemmater.8b00266
solid,Li3.25Sn0.25P0.75S4,25,3.600000E-03,-2.443697499,LGPS,Sulfides and Chalcogenides,10.1039/c4fd00143e
solid,Li3.26Sn0.26P0.74S4,25,4.530000E-03,-2.343901798,LGPS,Sulfides and Chalcogenides,10.1039/c4fd00143e
solid,Li3.27Sn0.27P0.73S4,25,4.960000E-03,-2.304518324,LGPS,Sulfides and Chalcogenides,10.1039/c4fd00143e
solid,Li3.285Sn0.28P0.72S4,25,4.360000E-03,-2.360513511,LGPS,Sulfides and Chalcogenides,10.1039/c4fd00143e
solid,Li3.335Sn0.33P0.67S4,25,3.730000E-03,-2.428291168,LGPS,Sulfides and Chalcogenides,10.1039/c4fd00143e
solid,Li3.3Sn0.3P0.7S4,25,3.650000E-03,-2.437707136,LGPS,Sulfides and Chalcogenides,10.1039/c4fd00143e
solid,Li3.425Si0.425P0.575S4,25,5.650000E-03,-2.247951552,LGPS,Sulfides and Chalcogenides,10.1039/c4fd00143e
solid,Li3.45Si0.45P0.55S4,25,6.730000E-03,-2.171984936,LGPS,Sulfides and Chalcogenides,10.1039/c4fd00143e
solid,Li3.475Si0.475P0.525S4,25,5.270000E-03,-2.278189385,LGPS,Sulfides and Chalcogenides,10.1039/c4fd00143e
solid,Li3.4Si0.4P0.6S4,25,4.210000E-03,-2.375717904,LGPS,Sulfides and Chalcogenides,10.1039/c4fd00143e
solid,Li7GePS8,25,7.000000E-03,-2.154901960,LGPS,Sulfides and Chalcogenides,10.1039/c3ee41728j
solid,Li9.2Ba0.4GeP2S12,25,3.160000E-04,-3.500312917,LGPS,Sulfides and Chalcogenides,10.1016/j.ssi.2017.01.014
solid,Li9.4Ba0.3GeP2S12,25,7.070000E-04,-3.150580586,LGPS,Sulfides and Chalcogenides,10.1016/j.ssi.2017.01.014
solid,Li9.6Ba0.2GeP2S12,25,5.720000E-04,-3.242603971,LGPS,Sulfides and Chalcogenides,10.1016/j.ssi.2017.01.014
solid,Li9.81Sn0.81P2.19S12,25,5.500000E-03,-2.259637311,LGPS,Sulfides and Chalcogenides,10.1107/s2052520615022283
solid,Li9.8Ba0.1GeP2S12,25,5.610000E-04,-3.251037139,LGPS,Sulfides and Chalcogenides,10.1016/j.ssi.2017.01.014
solid,Li9Ba0.5GeP2S12,25,9.980000E-05,-4.000869459,LGPS,Sulfides and Chalcogenides,10.1016/j.ssi.2017.01.014
solid,Li6.5O8P1.5Si0.5,25,4.490000E-07,-6.347753659,LISICON,Sulfides and Chalcogenides,10.1021/jacs.5b04444
solid,Li7.22Si1.5P0.5O8,25,1.640000E-07,-6.785156152,LISICON,Sulfides and Chalcogenides,10.1021/jacs.5b04444
solid,Li(Ti0.4Sn1.6)(PO4)3,25,3.150000E-06,-5.501689446,NASICON,Sulfides and Chalcogenides,10.1016/j.physb.2011.11.006
solid,Li(Ti0.6Sn1.4)(PO4)3,25,9.420000E-06,-5.025949097,NASICON,Sulfides and Chalcogenides,10.1016/j.physb.2011.11.006
solid,Li(Ti1.4Sn0.6)(PO4)3,25,2.280000E-05,-4.642065153,NASICON,Sulfides and Chalcogenides,10.1016/j.physb.2011.11.006
solid,Li1.2Sc0.2Ti1.8(PO4)3,25,6.900000E-04,-3.161150909,NASICON,Sulfides and Chalcogenides,10.1149/1.2086597
solid,Li1.2Ti2Si0.2P2.8O12,25,8.600000E-05,-4.065501549,NASICON,Sulfides and Chalcogenides,10.1149/1.2086597
solid,Li1.3Al0.15Sc0.15Ti1.7(PO4)3,25,1.240000E-03,-2.906578315,NASICON,Sulfides and Chalcogenides,10.1016/j.ssi.2012.03.045
solid,Li1.3Al0.1Sc0.2Ti1.7(PO4)3,25,4.290000E-04,-3.367542708,NASICON,Sulfides and Chalcogenides,10.1016/j.ssi.2012.03.045
solid,Li1.3Al0.2Sc0.1Ti1.7(PO4)3,25,9.720000E-04,-3.012333735,NASICON,Sulfides and Chalcogenides,10.1016/j.ssi.2012.03.045
solid,Li1.3Sc0.3Ti1.7(PO4)3,25,4.520000E-04,-3.344861565,NASICON,Sulfides and Chalcogenides,10.1016/j.ssi.2012.03.045
solid,Li1.3Ti2Si0.3P2.7O12,25,3.200000E-04,-3.494850022,NASICON,Sulfides and Chalcogenides,10.1149/1.2086597
solid,Li2Sr2Al(PO4)3,25,1.000000E-10,-10.000000000,NASICON,Sulfides and Chalcogenides,10.1016/j.jssc.2016.08.006
solid,Li10Ge0.33Sn0.66P2S12,25,4.800000E-03,-2.318758763,OBELiX,Sulfides and Chalcogenides,10.1021/jacs.0c10735
solid,Li10Ge0.66Sn0.33P2S12,25,6.400000E-03,-2.193820026,OBELiX,Sulfides and Chalcogenides,10.1021/jacs.0c10735
solid,Li10GeP2S12,25,7.600000E-03,-2.119186408,OBELiX,Sulfides and Chalcogenides,10.1021/jacs.0c10735
solid,Li10SnP2S12,25,3.800000E-03,-2.420216403,OBELiX,Sulfides and Chalcogenides,10.1021/jacs.0c10735
solid,Li17Sb13S28,25,1.050000E-09,-8.978810701,OBELiX,Sulfides and Chalcogenides,10.1002/chem.201502052
solid,Li3(Mo8S8O8(OH)8(HWO5(H2O)))*(H2O)18,25,3.800000E-07,-6.420216403,OBELiX,Sulfides and Chalcogenides,10.1002/1521-3765(20020118)8:2<349::aid-chem349>3.0.co;2-5
solid,Li4Ge0.25Sn0.75Se4,25,8.300000E-07,-6.080921908,OBELiX,Sulfides and Chalcogenides,10.1021/acs.chemmater.0c04150
solid,Li4Ge0.50Sn0.50Se4,25,1.800000E-06,-5.744727495,OBELiX,Sulfides and Chalcogenides,10.1021/acs.chemmater.0c04150
solid,Li4Ge0.75Sn0.25Se4,25,6.000000E-06,-5.221848750,OBELiX,Sulfides and Chalcogenides,10.1021/acs.chemmater.0c04150
solid,Li4GeS2Se2,25,2.800000E-05,-4.552841969,OBELiX,Sulfides and Chalcogenides,10.1021/acs.chemmater.0c04150
solid,Li4GeS3Se,25,8.500000E-06,-5.070581074,OBELiX,Sulfides and Chalcogenides,10.1021/acs.chemmater.0c04150
solid,Li4GeSSe3,25,1.500000E-05,-4.823908741,OBELiX,Sulfides and Chalcogenides,10.1021/acs.chemmater.0c04150
solid,Li4GeSe4,25,5.000000E-06,-5.301029996,OBELiX,Sulfides and Chalcogenides,10.1021/acs.chemmater.0c04150
solid,Li4SnS2Se2,25,3.600000E-05,-4.443697499,OBELiX,Sulfides and Chalcogenides,10.1021/acs.chemmater.0c04150
solid,Li4SnS3Se,25,7.500000E-05,-4.124938737,OBELiX,Sulfides and Chalcogenides,10.1021/acs.chemmater.0c04150
solid,Li4SnSSe3,25,9.500000E-07,-6.022276395,OBELiX,Sulfides and Chalcogenides,10.1021/acs.chemmater.0c04150
solid,Li4SnSe4,25,4.500000E-08,-7.346787486,OBELiX,Sulfides and Chalcogenides,10.1021/acs.chemmater.0c04150
solid,Li6SrLa2Nb2O12,25,4.200000E-06,-5.376750710,OBELiX,Sulfides and Chalcogenides,10.1111/j.1551-2916.2005.00060.x
solid,Li7P3S11,25,3.200000E-03,-2.494850022,OBELiX,Sulfides and Chalcogenides,10.1039/c3ee41655k|10.1016/j.ssi.2007.05.020|10.1016/j.ssi.2006.04.017
solid,Li7P3S11,25,8.600000E-03,-2.065501549,OBELiX,Sulfides and Chalcogenides,10.1021/acs.chemmater.6b02163
solid,Li6SiO4Cl2,25,1.000000E-10,-10.000000000,argyrodite,Sulfides and Chalcogenides,10.1021/acs.chemmater.1c00157
solid,Li6.025P0.975Si0.025S5Br,25,8.780000E-04,-3.056505484,argyrodites,Sulfides and Chalcogenides,10.1039/c7ta08581h
solid,Li6.05P0.95Si0.05S5Br,25,4.370000E-04,-3.359518563,argyrodites,Sulfides and Chalcogenides,10.1039/c7ta08581h
solid,Li6.075P0.925Si0.075S5Br,25,8.730000E-04,-3.058985756,argyrodites,Sulfides and Chalcogenides,10.1039/c7ta08581h
solid,Li6.125P0.875Si0.125S5Br,25,9.020000E-04,-3.044793462,argyrodites,Sulfides and Chalcogenides,10.1039/c7ta08581h
solid,Li6.15P0.85Ge0.15S5I,25,3.930000E-05,-4.405607450,argyrodites,Sulfides and Chalcogenides,10.1021/jacs.8b10282
solid,Li6.175P0.825Si0.175S5Br,25,9.310000E-04,-3.031050319,argyrodites,Sulfides and Chalcogenides,10.1039/c7ta08581h
solid,Li6.1P0.90Ge0.1S5I,25,8.860000E-06,-5.052566278,argyrodites,Sulfides and Chalcogenides,10.1021/jacs.8b10282
solid,Li6.1P0.95Si0.1S5Br,25,7.990000E-04,-3.097453221,argyrodites,Sulfides and Chalcogenides,10.1039/c7ta08581h
solid,Li6.225P0.775Si0.225S5Br,25,1.080000E-03,-2.966576245,argyrodites,Sulfides and Chalcogenides,10.1039/c7ta08581h
solid,Li6.25P0.75Ge0.25S5I,25,1.500000E-04,-3.823908741,argyrodites,Sulfides and Chalcogenides,10.1021/jacs.8b10282
solid,Li6.25P0.75Si0.25S5Br,25,1.410000E-03,-2.850780887,argyrodites,Sulfides and Chalcogenides,10.1039/c7ta08581h
solid,Li6.2P0.8Ge0.2S5I,25,3.190000E-05,-4.496209317,argyrodites,Sulfides and Chalcogenides,10.1021/jacs.8b10282
solid,Li6.2P0.8Si0.2S5Br,25,1.690000E-03,-2.772113295,argyrodites,Sulfides and Chalcogenides,10.1039/c7ta08581h
solid,Li6.35P0.65Si0.35S5Br,25,2.340000E-03,-2.630784143,argyrodites,Sulfides and Chalcogenides,10.1039/c7ta08581h
solid,Li6.3P0.7Ge0.3S5I,25,6.500000E-04,-3.187086643,argyrodites,Sulfides and Chalcogenides,10.1021/jacs.8b10282
solid,Li6.3P0.7Si0.3S5Br,25,1.650000E-03,-2.782516056,argyrodites,Sulfides and Chalcogenides,10.1039/c7ta08581h
solid,Li6.4P0.6Ge0.4S5I,25,1.500000E-03,-2.823908741,argyrodites,Sulfides and Chalcogenides,10.1021/jacs.8b10282
solid,Li6.5P0.5Ge0.5S5I,25,1.860000E-03,-2.730487056,argyrodites,Sulfides and Chalcogenides,10.1021/jacs.8b10282
solid,Li6.5P0.5Si0.5S5Br,25,2.190000E-03,-2.659555885,argyrodites,Sulfides and Chalcogenides,10.1039/c7ta08581h
solid,Li6.6P0.4Ge0.6S5I,25,5.210000E-03,-2.283162277,argyrodites,Sulfides and Chalcogenides,10.1021/jacs.8b10282
solid,Li6.7P0.3Ge0.7S5I,25,5.540000E-03,-2.256490235,argyrodites,Sulfides and Chalcogenides,10.1021/jacs.8b10282
solid,Li6.8P0.2Ge0.8S5I,25,2.580000E-03,-2.588380294,argyrodites,Sulfides and Chalcogenides,10.1021/jacs.8b10282
solid,Li6P(S4.1Se0.9)Br,25,3.820000E-03,-2.417936637,argyrodites,Sulfides and Chalcogenides,10.1021/acs.inorgchem.8b02443
solid,Li6P(S4.2Se0.8)Br,25,3.480000E-03,-2.458420756,argyrodites,Sulfides and Chalcogenides,10.1021/acs.inorgchem.8b02443
solid,Li6P(S4.3Se0.7)Br,25,3.010000E-03,-2.521433504,argyrodites,Sulfides and Chalcogenides,10.1021/acs.inorgchem.8b02443
solid,Li6P(S4.4Se0.6)Br,25,2.780000E-03,-2.555955204,argyrodites,Sulfides and Chalcogenides,10.1021/acs.inorgchem.8b02443
solid,Li6P(S4.5Se0.5)Br,25,2.680000E-03,-2.571865206,argyrodites,Sulfides and Chalcogenides,10.1021/acs.inorgchem.8b02443
solid,Li6P(S4.6Se0.4)Br,25,3.640000E-03,-2.438898616,argyrodites,Sulfides and Chalcogenides,10.1021/acs.inorgchem.8b02443
solid,Li6P(S4.7Se0.3)Br,25,3.620000E-03,-2.441291429,argyrodites,Sulfides and Chalcogenides,10.1021/acs.inorgchem.8b02443
solid,Li6P(S4.8Se0.2)Br,25,3.920000E-03,-2.406713933,argyrodites,Sulfides and Chalcogenides,10.1021/acs.inorgchem.8b02443
solid,Li6P(S4.9Se0.1)Br,25,3.200000E-03,-2.494850022,argyrodites,Sulfides and Chalcogenides,10.1021/acs.inorgchem.8b02443
solid,Li6P(S4Se)Br,25,3.610000E-03,-2.442492798,argyrodites,Sulfides and Chalcogenides,10.1021/acs.inorgchem.8b02443
solid,Li6PS5Br,25,1.150000E-03,-2.939302160,argyrodites,Sulfides and Chalcogenides,10.1021/jacs.7b06327
solid,Li6PS5Br,25,7.010000E-04,-3.154281982,argyrodites,Sulfides and Chalcogenides,10.1039/c7ta08581h
solid,Li6PS5Br,25,2.770000E-03,-2.557520231,argyrodites,Sulfides and Chalcogenides,10.1021/acs.inorgchem.8b02443
solid,Li6PS5Br,25,3.200000E-05,-4.494850022,argyrodites,Sulfides and Chalcogenides,10.1002/pssa.201001117
solid,Li6PS5Br0.25I0.75,25,4.720000E-06,-5.326058001,argyrodites,Sulfides and Chalcogenides,10.1021/jacs.7b06327
solid,Li6PS5Br0.5I0.5,25,2.620000E-05,-4.581698709,argyrodites,Sulfides and Chalcogenides,10.1021/jacs.7b06327
solid,Li6PS5Br0.75I0.25,25,1.120000E-04,-3.950781977,argyrodites,Sulfides and Chalcogenides,10.1021/jacs.7b06327
solid,Li6PS5Cl,25,2.050000E-03,-2.688246139,argyrodites,Sulfides and Chalcogenides,10.1021/jacs.7b06327
solid,Li6PS5Cl,25,3.300000E-05,-4.481486060,argyrodites,Sulfides and Chalcogenides,10.1002/pssa.201001117
solid,Li6PS5Cl0.25Br0.75,25,1.860000E-03,-2.730487056,argyrodites,Sulfides and Chalcogenides,10.1021/jacs.7b06327
solid,Li6PS5Cl0.5Br0.5,25,3.330000E-03,-2.477555766,argyrodites,Sulfides and Chalcogenides,10.1021/jacs.7b06327
solid,Li6PS5Cl0.75Br0.25,25,2.260000E-03,-2.645891561,argyrodites,Sulfides and Chalcogenides,10.1021/jacs.7b06327
solid,Li6PS5I,25,1.300000E-06,-5.886056648,argyrodites,Sulfides and Chalcogenides,10.1021/jacs.7b06327
solid,Li6PS5I,25,2.200000E-04,-3.657577319,argyrodites,Sulfides and Chalcogenides,10.1002/pssa.201001117
solid,Li6PS5I,25,1.260000E-06,-5.899629455,argyrodites,Sulfides and Chalcogenides,10.1021/jacs.8b10282
solid,Li5.3La3Ta1.85Sm0.15O12,25,7.110000E-06,-5.148130399,garnet,Sulfides and Chalcogenides,10.1021/acs.inorgchem.7b00816
solid,Li5.5La3Ta1.75Sm0.25O12,25,5.170000E-06,-5.286509457,garnet,Sulfides and Chalcogenides,10.1021/acs.inorgchem.7b00816
solid,Li5.70La3Ta1.65Sm0.35O12,25,2.150000E-05,-4.667561540,garnet,Sulfides and Chalcogenides,10.1021/acs.inorgchem.7b00816
solid,Li5.90La3Ta1.55Sm0.45O12,25,1.180000E-05,-4.928117993,garnet,Sulfides and Chalcogenides,10.1021/acs.inorgchem.7b00816
solid,Li5La3Sb2O12,25,7.800000E-06,-5.107905397,garnet,Sulfides and Chalcogenides,10.1016/j.materresbull.2007.10.035
solid,Li5Nd3Sb2O12,25,1.300000E-07,-6.886056648,garnet,Sulfides and Chalcogenides,10.1016/j.materresbull.2007.04.002
solid,Li6(La2Sr)(NbO6)2,25,3.690000E-06,-5.432973634,garnet,Sulfides and Chalcogenides,10.1016/j.ssi.2008.01.047
solid,Li6.10La3Ta1.45Sm0.55O12,25,1.400000E-05,-4.853871964,garnet,Sulfides and Chalcogenides,10.1021/acs.inorgchem.7b00816
solid,Li6.2La3Zr1.2Sb0.8O12,25,4.500000E-04,-3.346787486,garnet,Sulfides and Chalcogenides,10.1039/c3cp50991e
solid,Li6.4La3Zr1.4Sb0.6O12,25,6.600000E-04,-3.180456064,garnet,Sulfides and Chalcogenides,10.1039/c3cp50991e
solid,Li6.6La3Zr1.6Sb0.4O12,25,7.700000E-04,-3.113509275,garnet,Sulfides and Chalcogenides,10.1039/c3cp50991e
solid,Li6.8La3Zr1.8Sb0.2O12,25,5.900000E-05,-4.229147988,garnet,Sulfides and Chalcogenides,10.1039/c3cp50991e
solid,Li6Ba0.5Sr0.5La2Ta2O12,25,7.100000E-06,-5.148741651,garnet,Sulfides and Chalcogenides,10.1021/am4060194
solid,Li6La2SrBi2O12,25,2.000000E-05,-4.698970004,garnet,Sulfides and Chalcogenides,10.1016/j.mseb.2007.07.009
solid,Li6La3ZrSbO12,25,2.600000E-04,-3.585026652,garnet,Sulfides and Chalcogenides,10.1039/c3cp50991e
solid,Li6SrLa2Sb2O12,25,6.300000E-06,-5.200659451,garnet,Sulfides and Chalcogenides,10.1016/j.materresbull.2007.10.035
solid,Li6SrLa2Ta2O12,25,4.200000E-06,-5.376750710,garnet,Sulfides and Chalcogenides,10.1111/j.1551-2916.2005.00060.x
solid,Li6SrLa2Ta2O12,25,5.400000E-06,-5.267606240,garnet,Sulfides and Chalcogenides,10.1021/am4060194
solid,Li6SrLa2Ta2O12,25,7.000000E-06,-5.154901960,garnet-like,Sulfides and Chalcogenides,10.1002/adfm.200400044
solid,Li7SbO6,25,6.700000E-08,-7.173925197,hexaoxometalates,Sulfides and Chalcogenides,10.1021/ic030208w
solid,Li0.6[Li0.2Sn0.8S2],25,1.200000E-04,-3.920818754,layered,Sulfides and Chalcogenides,10.1039/c6ee00633g
solid,(Li0.5Ce0.25Sm0.25)(MoO4),25,1.800000E-10,-9.744727495,molybdates,Sulfides and Chalcogenides,10.1007/s12039-011-0068-5
solid,LiSi2N3,25,6.170000E-08,-7.209714836,nitride,Sulfides and Chalcogenides,10.1016/0167-2738(87)90119-6
solid,Li14Nd5(Si11N19O5)O2F2,25,1.700000E-10,-9.769551079,nitridosilicates,Sulfides and Chalcogenides,10.1021/ja302255d
solid,La0.36Sr0.3Li0.3TiO3,25,1.920000E-05,-4.716698771,perovskites,Sulfides and Chalcogenides,10.1021/cm020609u
solid,La0.385Sr0.275Li0.275TiO3,25,6.040000E-05,-4.218963061,perovskites,Sulfides and Chalcogenides,10.1021/cm020609u
solid,La0.41Sr0.25Li0.25TiO3,25,7.640000E-05,-4.116906641,perovskites,Sulfides and Chalcogenides,10.1021/cm020609u
solid,La0.51Sr0.15Li0.15TiO3,25,5.300000E-05,-4.275724130,perovskites,Sulfides and Chalcogenides,10.1021/cm020609u
solid,La0.56Sr0.1Li0.1TiO3,25,1.370000E-05,-4.863279433,perovskites,Sulfides and Chalcogenides,10.1021/cm020609u
solid,La0.6Sr0.06Li0.06TiO3,25,1.130000E-05,-4.946921557,perovskites,Sulfides and Chalcogenides,10.1021/cm020609u
solid,Li0.375Sr0.4375Hf0.25Ta0.75O3,25,3.800000E-04,-3.420216403,perovskites,Sulfides and Chalcogenides,10.1021/acsami.6b03070
solid,Li0.5Sr0.5Cr0.25Ta0.75O3,25,6.000000E-05,-4.221848750,perovskites,Sulfides and Chalcogenides,10.1016/s0378-7753(97)02645-1
solid,Li0.5Sr0.5Fe0.25Ta0.75O3,25,1.000000E-04,-4.000000000,perovskites,Sulfides and Chalcogenides,10.1016/s0378-7753(97)02645-1
solid,Li4Sr3Nb5.77Fe0.23O19.77,25,1.000000E-10,-10.000000000,perovskites,Sulfides and Chalcogenides,10.1021/cm980736j
solid,Li4Sr3Nb6O20,25,1.000000E-10,-10.000000000,perovskites,Sulfides and Chalcogenides,10.1021/cm980736j
solid,Sm0.25Li0.25TaO3,25,4.320000E-10,-9.364516253,perovskites,Sulfides and Chalcogenides,10.1016/s0167-2738(98)00414-7
solid,Sm0.52Li0.38TiO2.97,25,2.000000E-07,-6.698970004,perovskites,Sulfides and Chalcogenides,10.1016/0167-2738(94)90310-7
solid,Li8SiP4,25,4.500000E-05,-4.346787486,phosphates,Sulfides and Chalcogenides,10.1021/acs.chemmater.8b02759
solid,Li1.1SrNb1.9Zr0.1O6F,25,1.000000E-10,-10.000000000,pyrochlore,Sulfides and Chalcogenides,10.2497/jjspm.65.26
solid,Li1.1SrTa1.9Zr0.1O6F,25,1.000000E-10,-10.000000000,pyrochlore,Sulfides and Chalcogenides,10.2497/jjspm.65.26
solid,LiSr0.9Nb2O6F0.8,25,1.000000E-10,-10.000000000,pyrochlore,Sulfides and Chalcogenides,10.2497/jjspm.65.26
solid,LiSr0.9Ta2O6F0.8,25,1.000000E-10,-10.000000000,pyrochlore,Sulfides and Chalcogenides,10.2497/jjspm.65.26
solid,LiSrNb2O6F,25,1.000000E-10,-10.000000000,pyrochlore,Sulfides and Chalcogenides,10.2497/jjspm.65.26
solid,LiSrTa2O6F,25,1.000000E-10,-10.000000000,pyrochlore,Sulfides and Chalcogenides,10.2497/jjspm.65.26
solid,Li0.284Sm4.512Si3O12.91,25,1.000000E-10,-10.000000000,silicates,Sulfides and Chalcogenides,10.1016/0167-2738(95)00240-5
solid,Fe2Na2K(Li3Si12O30),25,1.000000E-10,-10.000000000,sugilites,Sulfides and Chalcogenides,10.1016/j.jssc.2018.05.008
solid,Li1.5Zn0.75PS4,25,1.650000E-05,-4.782516056,sulfides,Sulfides and Chalcogenides,10.1021/acs.chemmater.7b05108
solid,Li2.5Zn0.25PS4,25,8.400000E-04,-3.075720714,sulfides,Sulfides and Chalcogenides,10.1021/acs.chemmater.7b05108
solid,Li2SnS3,25,1.500000E-05,-4.823908741,sulfides,Sulfides and Chalcogenides,10.1021/cm5037524
solid,Li2Zn0.5PS4,25,1.300000E-04,-3.886056648,sulfides,Sulfides and Chalcogenides,10.1021/acs.chemmater.7b05108
solid,Li3AlS3,25,1.310000E-08,-7.882728704,sulfides,Sulfides and Chalcogenides,10.1021/acs.chemmater.9b03230
solid,Li3Na5(TiS4)2,25,8.800000E-06,-5.055517328,sulfides,Sulfides and Chalcogenides,10.1016/j.jssc.2008.01.023
solid,Li3SbS3,25,1.000000E-09,-9.000000000,sulfides,Sulfides and Chalcogenides,10.1002/zaac.201200277
solid,Li4.4Al0.4Ge0.6S4,25,4.300000E-05,-4.366531544,sulfides,Sulfides and Chalcogenides,10.1021/acs.chemmater.8b03175
solid,Li4.4Al0.4Sn0.6S4,25,4.300000E-06,-5.366531544,sulfides,Sulfides and Chalcogenides,10.1021/acs.chemmater.8b03175
solid,LiGa2GeS6,25,3.800000E-08,-7.420216403,sulfides,Sulfides and Chalcogenides,10.1016/j.ssi.2014.04.015
solid,LiZnPS4,25,5.400000E-08,-7.267606240,sulfides,Sulfides and Chalcogenides,10.1021/acs.chemmater.7b05108
solid,Li10Ge0.95Si0.05P2S12,25,8.600000E-03,-2.065501549,thio-LISICON,Sulfides and Chalcogenides,10.1016/j.jpowsour.2014.07.159
solid,Li2P2S6,25,7.800000E-11,-10.107905397,thio-LISICON,Sulfides and Chalcogenides,10.1021/acs.inorgchem.7b00751
solid,Li2SiS3,25,2.000000E-06,-5.698970004,thio-LISICON,Sulfides and Chalcogenides,10.1016/0025-5408(89)90053-6
solid,Li3.25Ge0.25P0.75S4,25,2.200000E-03,-2.657577319,thio-LISICON,Sulfides and Chalcogenides,10.1149/1.1379028
solid,Li3.2Si0.2P0.8S4,25,3.200000E-06,-5.494850022,thio-LISICON,Sulfides and Chalcogenides,10.1006/jssc.2002.9701
solid,Li3.35Ge0.35P0.65S4,25,1.540000E-03,-2.812479279,thio-LISICON,Sulfides and Chalcogenides,10.1149/1.1379028
solid,Li3.3Ge0.3P0.7S4,25,1.740000E-03,-2.759450752,thio-LISICON,Sulfides and Chalcogenides,10.1149/1.1379028
solid,Li3.4Ge0.4P0.6S4,25,6.540000E-04,-3.184422252,thio-LISICON,Sulfides and Chalcogenides,10.1149/1.1379028
solid,Li3.6Si0.6P0.4S4,25,7.190000E-05,-4.143271110,thio-LISICON,Sulfides and Chalcogenides,10.1006/jssc.2002.9701
solid,Li3.8Si0.8P0.2S4,25,8.110000E-07,-6.090979146,thio-LISICON,Sulfides and Chalcogenides,10.1006/jssc.2002.9701
solid,Li3PS4,25,2.600000E-07,-6.585026652,thio-LISICON,Sulfides and Chalcogenides,10.1021/ja3110895
solid,Li3SbS4,25,4.800000E-09,-8.318758763,thio-LISICON,Sulfides and Chalcogenides,10.1016/j.ssi.2019.01.017
solid,Li4.2Si0.8Al0.2S4,25,2.400000E-08,-7.619788758,thio-LISICON,Sulfides and Chalcogenides,10.1006/jssc.2002.9701
solid,Li4.4Si0.6Al0.4S4,25,3.050000E-08,-7.515700161,thio-LISICON,Sulfides and Chalcogenides,10.1006/jssc.2002.9701
solid,Li4.6Si0.4Al0.6S4,25,1.460000E-08,-7.835647144,thio-LISICON,Sulfides and Chalcogenides,10.1006/jssc.2002.9701
solid,Li4.8Si0.2Al0.8S4,25,2.290000E-07,-6.640164518,thio-LISICON,Sulfides and Chalcogenides,10.1006/jssc.2002.9701
solid,Li4GeS4,25,2.000000E-07,-6.698970004,thio-LISICON,Sulfides and Chalcogenides,10.1016/s0167-2738(00)00277-0
solid,Li4PS4I,25,1.200000E-04,-3.920818754,thio-LISICON,Sulfides and Chalcogenides,10.1021/acs.chemmater.7b00013
solid,Li4SiS4,25,1.590000E-08,-7.798602876,thio-LISICON,Sulfides and Chalcogenides,10.1006/jssc.2002.9701
solid,Li4SiS4,25,4.930000E-08,-7.307153081,thio-LISICON,Sulfides and Chalcogenides,10.1016/0025-5408(89)90053-6
solid,Li5AlS4,25,1.400000E-09,-8.853871964,thio-LISICON,Sulfides and Chalcogenides,10.1016/j.jssc.2017.09.018
solid,Li2.667Mg0.667P2S6,25,4.000000E-06,-5.397940009,thio-phosphate,Sulfides and Chalcogenides,10.1016/s0167-2738(02)00007-3
solid,Li3.333Mg0.333P2S6,25,8.200000E-08,-7.086186148,thio-phosphate,Sulfides and Chalcogenides,10.1016/s0167-2738(02)00007-3
solid,Li4P2S6,25,1.600000E-10,-9.795880017,thio-phosphate,Sulfides and Chalcogenides,10.1021/acs.chemmater.6b04175
solid,"""(Li2S)0.3 ((P2S5)0.4 (Sb2S3)0.6)0.7""",31,2.98E-08,-7.525783736,Glass,Sulphides,10.1007/s11581-006-0054-y
solid,"""(Li2S)0.4 ((Ga2S3)0.1 (GeS2)0.9)0.6""",21,2.87E-06,-5.542118103,Glass,Sulphides,10.1016/j.ssi.2007.10.011
solid,"""(Li2S)0.4 ((P2S5)0.4 (Sb2S3)0.6)0.6""",25,1.60E-07,-6.795880017,Glass,Sulphides,10.1007/s11581-006-0054-y
solid,"""(Li2S)0.5 ((Ga2S3)0.1 (GeS2)0.9)0.5""",28,6.70E-05,-4.173925197,Glass,Sulphides,10.1016/j.ssi.2007.10.011
solid,"""(Li2S)0.5 ((P2S5)0.4 (Sb2S3)0.6)0.5""",34,2.26E-07,-6.645891561,Glass,Sulphides,10.1007/s11581-006-0054-y
solid,"""(Li2S)0.7 (P2S5)0.3""",25,3.20E-03,-2.494850022,Glass,Sulphides,10.1016/j.jpowsour.2006.04.037
solid,"""(Li2S)0.8 (P2S5)0.2""",105,4.03E-03,-2.394694954,Glass,Sulphides,10.1016/j.jpowsour.2006.04.037
solid,"""(Li2S)0.875 (P2S5)0.125""",25,2.10E-04,-3.677780705,Glass,Sulphides,10.1016/j.jpowsour.2006.04.037
solid,Li1.4S2.2P0.6,25,2.00E-03,-2.698970004,Glass,Sulphides,10.1016/j.jpowsour.2008.09.044
solid,Li4P2S6,25,2.57E-07,-6.590066877,Glass,Sulphides,10.1016/j.ssi.2015.10.015
solid,Li10GeP2S12,25,2.03E-03,-2.692503962,Thio-LISICON,Sulphides,10.1016/j.ssi.2015.02.014
solid,Li3.25Ge0.25P0.75S4,25,2.03E-03,-2.692503962,Thio-LISICON,Sulphides,10.1016/j.ssi.2015.02.014
solid,Li3.4Si0.4P0.6S4,27,6.40E-04,-3.193820026,Thio-LISICON,Sulphides,10.1006/jssc.2002.9701
solid,Li7Ge3PS12,25,1.10E-04,-3.958607315,Thio-LISICON,Sulphides,10.1016/j.jssc.2016.12.001
solid,Li7P3S11,24.85,3.20E-03,-2.494850022,Thio-LISICON,Sulphides,10.1039/C3EE41655K
solid,Li9.6P3S12,24.85,1.58E-03,-2.801342913,Thio-LISICON,Sulphides,10.1038/nenergy.2016.30
solid,Li6.25PS5.25Cl0.75,25,1.40E-02,-1.853871964,Argyrodite,Sulphides and Other Anions,10.1016/j.apsusc.2019.07.041
solid,Li6PS5Br,25,1.90E-04,-3.721246399,Argyrodite,Sulphides and Other Anions,10.1021/acsaem.8b00280
solid,Li6PS5I,25,6.30E-04,-3.200659451,Argyrodite,Sulphides and Other Anions,10.1007/s10008-011-1572-8
solid,"""((Li2S)0.6 (SiS2)0.4 )95 (Li4SiO4)5""",193,4.40E-02,-1.356547324,Glass,Sulphides and Other Anions,10.1016/j.jpowsour.2006.04.037
solid,"""(Li2S)0.3 ((Ga2S3)0.1 (GeS2)0.9)0.7""",25,1.89E-06,-5.7242281,Glass,Sulphides and Other Anions,10.1016/j.ssi.2007.10.011
solid,"""(Li2S)50 (P2S5)17 (LiBH4)33""",25,1.43E-03,-2.844663963,Glass,Sulphides and Other Anions,10.1016/j.jpowsour.2012.12.001
solid,"""(LiI)0.3 ((Li2S)0.3 ((Ga2S3)0.1 (GeS2)0.9)0.7)0.7""",25,2.91E-04,-3.536107011,Glass,Sulphides and Other Anions,10.1016/j.ssi.2007.10.011
solid,Li9.54Si1.74P1.44S11.7Cl0.3,24.85,2.50E-02,-1.602059991,Thio-LISICON,Sulphides and Other Anions,10.1038/nenergy.2016.30
